[{"model": "contenttypes.contenttype", "pk": 1, "fields": {"app_label": "admin", "model": "logentry"}}, {"model": "contenttypes.contenttype", "pk": 2, "fields": {"app_label": "auth", "model": "permission"}}, {"model": "contenttypes.contenttype", "pk": 3, "fields": {"app_label": "auth", "model": "group"}}, {"model": "contenttypes.contenttype", "pk": 4, "fields": {"app_label": "auth", "model": "user"}}, {"model": "contenttypes.contenttype", "pk": 5, "fields": {"app_label": "contenttypes", "model": "contenttype"}}, {"model": "contenttypes.contenttype", "pk": 6, "fields": {"app_label": "sessions", "model": "session"}}, {"model": "contenttypes.contenttype", "pk": 7, "fields": {"app_label": "Web", "model": "user"}}, {"model": "contenttypes.contenttype", "pk": 8, "fields": {"app_label": "Web", "model": "book"}}, {"model": "contenttypes.contenttype", "pk": 9, "fields": {"app_label": "Web", "model": "group"}}, {"model": "contenttypes.contenttype", "pk": 10, "fields": {"app_label": "Web", "model": "group_relations"}}, {"model": "contenttypes.contenttype", "pk": 11, "fields": {"app_label": "Web", "model": "add_group"}}, {"model": "contenttypes.contenttype", "pk": 12, "fields": {"app_label": "Web", "model": "book_score"}}, {"model": "contenttypes.contenttype", "pk": 13, "fields": {"app_label": "Web", "model": "book_comment"}}, {"model": "contenttypes.contenttype", "pk": 14, "fields": {"app_label": "Web", "model": "book_comment_relation"}}, {"model": "contenttypes.contenttype", "pk": 15, "fields": {"app_label": "Web", "model": "book_comment_tip"}}, {"model": "contenttypes.contenttype", "pk": 16, "fields": {"app_label": "Web", "model": "group_comment"}}, {"model": "sessions.session", "pk": "kyqm6w3nv978skl3d8cljkec30wil92i", "fields": {"session_data": "YzdjODA3NTM3ZTAxMWYxZGY4NGJiNDBiYzY1YWZiMGJkNWFiNDI4ZDp7InVzZXJfaWQiOjEwLCJ1c2VyX25hbWUiOiJ3amwxMjMiLCJpc19tYW5hZ2VyIjpmYWxzZX0=", "expire_date": "2020-06-01T18:04:47.777"}}, {"model": "Web.user", "pk": 7, "fields": {"u_username": "wjl", "u_password": "pbkdf2_sha256$150000$3c5OUSbMxNgn$l2yNfTb+glG2HN8WlNSgrtecxAE5YC/Ks8D+vXlMnnk=", "u_email": "352263861@qq.com", "u_icon": "icons/2020/04/23/\u7231\u8bfe\u5802.png", "is_active": true, "is_delete": false, "is_manager": true}}, {"model": "Web.user", "pk": 10, "fields": {"u_username": "wjl123", "u_password": "pbkdf2_sha256$150000$nSQ2lig4J1KT$XZscYiWaZdDXGLhsEKbjdZVRwNWC4ZDGe9PZquE+80A=", "u_email": "542539519@qq.com", "u_icon": "suoluetubig.jpg", "is_active": true, "is_delete": false, "is_manager": false}}, {"model": "Web.book", "pk": 1, "fields": {"b_book_name": "\u4e09\u4f531", "b_year": 2000, "b_image": "https://ss0.bdstatic.com/70cFvHSh_Q1YnxGkpoWK1HF6hhy/it/u=1780882637,267721747&fm=26&gp=0.jpg", "b_page_num": 460, "b_price": "47.20", "b_author": "\u5218\u6148\u6b23", "b_book_describe": "\u8fd9\u672c\u4e66\u5f88\u725b\u903c", "b_author_describe": "\u8fd9\u4e2a\u4f5c\u8005\u5f88\u725b\u903c", "b_tag": "\u79d1\u5e7b", "b_score": "4.0", "b_publish": "\u68a6\u5e7b\u51fa\u7248\u793e"}}, {"model": "Web.book", "pk": 2, "fields": {"b_book_name": "\u4e09\u4f532", "b_year": 2000, "b_image": "https://ss1.bdstatic.com/70cFvXSh_Q1YnxGkpoWK1HF6hhy/it/u=1253612667,2222500222&fm=26&gp=0.jpg", "b_page_num": 1000, "b_price": "38.50", "b_author": "\u5218\u6148\u6b23", "b_book_describe": "\u8fd9\u672c\u4e66\u5f88\u725b\u903c", "b_author_describe": "\u8fd9\u4e2a\u4f5c\u8005\u5f88\u725b\u903c", "b_tag": "\u79d1\u5e7b", "b_score": "8.0", "b_publish": "\u68a6\u5e7b\u51fa\u7248\u793e"}}, {"model": "Web.book", "pk": 3, "fields": {"b_book_name": "\u4e09\u4f533", "b_year": 2000, "b_image": "https://ss1.bdstatic.com/70cFuXSh_Q1YnxGkpoWK1HF6hhy/it/u=3355968884,211414329&fm=26&gp=0.jpg", "b_page_num": 1000, "b_price": "38.50", "b_author": "\u5218\u6148\u6b23", "b_book_describe": "\u8fd9\u672c\u4e66\u5f88\u725b\u903c", "b_author_describe": "\u8fd9\u4e2a\u4f5c\u8005\u5f88\u725b\u903c", "b_tag": "\u79d1\u5e7b", "b_score": "9.0", "b_publish": "\u68a6\u5e7b\u51fa\u7248\u793e"}}, {"model": "Web.book", "pk": 4, "fields": {"b_book_name": "\u4e34\u754c\u7235\u8ff9", "b_year": 2010, "b_image": "https://timgsa.baidu.com/timg?image&quality=80&size=b9999_10000&sec=1589108333026&di=3c864c12fbb3ca5ea96624310e1efdc7&imgtype=0&src=http%3A%2F%2Fi0.sinaimg.cn%2Fbook%2F2011%2F0516%2FU5083P112DT20110516145012.jpg", "b_page_num": 429, "b_price": "42.60", "b_author": "\u90ed\u656c\u660e", "b_book_describe": "\u8be5\u5c0f\u8bf4\u8bb2\u8ff0\u4e86\u5965\u6c40\u5927\u9646\u7684\u4e1c\u5357\u897f\u5317\u56db\u56fd\uff0c\u5145\u65a5\u7740\u795e\u79d8\u83ab\u6d4b\u7684\u9b42\u672f\uff0c\u5f25\u6f2b\u7740\u6743\u529b\u548c\u6b32\u671b\u7684\u6fc0\u70c8\u4e89\u593a\u7684\u6545\u4e8b\u3002", "b_author_describe": "\u90ed\u656c\u660e\uff0c\u4e2d\u56fd\u4f5c\u5bb6\u3001\u4e0a\u6d77\u6700\u4e16\u6587\u5316\u53d1\u5c55\u6709\u9650\u516c\u53f8\u8463\u4e8b\u957f\u3001\u300a\u6700\u5c0f\u8bf4\u300b\u7b49\u6742\u5fd7\u4e3b\u7f16\u3002", "b_tag": "\u7384\u5e7b\u5c0f\u8bf4", "b_score": "10.0", "b_publish": "\u957f\u6c5f\u6587\u827a\u51fa\u7248\u793e"}}, {"model": "Web.book", "pk": 5, "fields": {"b_book_name": "\u5e7b\u57ce", "b_year": 2003, "b_image": "https://ss1.bdstatic.com/70cFuXSh_Q1YnxGkpoWK1HF6hhy/it/u=2472910232,3661782661&fm=26&gp=0.jpg", "b_page_num": 245, "b_price": "25.00", "b_author": "\u90ed\u656c\u660e", "b_book_describe": "\u8be5\u5c0f\u8bf4\u8bbe\u5b9a\u5728\u865a\u6784\u7684\u5e7b\u96ea\u5e1d\u56fd\uff0c\u8bb2\u8ff0\u4e86\u51b0\u65cf\u7687\u5b50\u5361\u7d22\u4e0e\u5f1f\u5f1f\u6a31\u7a7a\u91ca\u7b49\u4eba\u88ab\u547d\u8fd0\u53cd\u590d\u64cd\u5f04\u7684\u6545\u4e8b\u3002", "b_author_describe": "\u90ed\u656c\u660e\uff0c\u4e2d\u56fd\u4f5c\u5bb6\u3001\u4e0a\u6d77\u6700\u4e16\u6587\u5316\u53d1\u5c55\u6709\u9650\u516c\u53f8\u8463\u4e8b\u957f\u3001\u300a\u6700\u5c0f\u8bf4\u300b\u7b49\u6742\u5fd7\u4e3b\u7f16\u3002", "b_tag": "\u7384\u5e7b\u5c0f\u8bf4", "b_score": "7.0", "b_publish": "\u957f\u6c5f\u6587\u827a\u51fa\u7248\u793e"}}, {"model": "Web.book", "pk": 6, "fields": {"b_book_name": "\u5bb6", "b_year": 1933, "b_image": "https://timgsa.baidu.com/timg?image&quality=80&size=b9999_10000&sec=1589108531372&di=f73d03483f5a30170f5305bb8bb1c046&imgtype=0&src=http%3A%2F%2Fimg14.360buyimg.com%2Fn1%2Fjfs%2Ft17497%2F231%2F1892072156%2F199909%2Fe1da75%2F5adc9b27N9e5d9cf5.jpg", "b_page_num": 358, "b_price": "33.00", "b_author": "\u5df4\u91d1", "b_book_describe": "\u300a\u5bb6\u300b\uff0c\u4e2d\u56fd\u4f5c\u5bb6\u5df4\u91d1\u7684\u957f\u7bc7\u5c0f\u8bf4\uff0c\u300a\u6fc0\u6d41\u4e09\u90e8\u66f2\u300b\u4e2d\u7684\u7b2c\u4e00\u90e8\uff0c\u5176\u4ed6\u4e24\u90e8\u4e3a\u300a\u6625\u300b\u3001\u300a\u79cb\u300b\u3002", "b_author_describe": "\u5df4\u91d1\uff0c\u662f\u4eab\u8a89\u6d77\u5185\u5916\u7684\u6587\u5b66\u5927\u5e08\uff0c\u6770\u51fa\u7684\u793e\u4f1a\u6d3b\u52a8\u5bb6\uff0c\u8457\u540d\u7684\u65e0\u515a\u6d3e\u7231\u56fd\u6c11\u4e3b\u4eba\u58eb\uff0c\u4e2d\u56fd\u5171\u4ea7\u515a\u7684\u4eb2\u5bc6\u670b\u53cb\u3002", "b_tag": "\u957f\u7bc7\u5c0f\u8bf4", "b_score": "8.2", "b_publish": "\u4eba\u6c11\u6587\u5b66\u51fa\u7248\u793e"}}, {"model": "Web.book", "pk": 7, "fields": {"b_book_name": "\u56f4\u57ce", "b_year": 1946, "b_image": "https://timgsa.baidu.com/timg?image&quality=80&size=b9999_10000&sec=1589108571718&di=11ebb88437e8dd8fa95602ddae8259eb&imgtype=0&src=http%3A%2F%2Fimg35.ddimg.cn%2F88%2F12%2F1168119205-1_w.jpg", "b_page_num": 377, "b_price": "28.00", "b_author": "\u94b1\u949f\u4e66", "b_book_describe": "\u300a\u56f4\u57ce\u300b\u662f\u94b1\u949f\u4e66\u6240\u8457\u7684\u957f\u7bc7\u5c0f\u8bf4\uff0c\u662f\u4e2d\u56fd\u73b0\u4ee3\u6587\u5b66\u53f2\u4e0a\u4e00\u90e8\u98ce\u683c\u72ec\u7279\u7684\u8bbd\u523a\u5c0f\u8bf4\u3002", "b_author_describe": "\u94b1\u949f\u4e66\uff0c\uff0c\u4e2d\u56fd\u73b0\u4ee3\u4f5c\u5bb6\u3001\u6587\u5b66\u7814\u7a76\u5bb6\uff0c\u4e0e\u9976\u5b97\u9890\u5e76\u79f0\u4e3a\u201c\u5357\u9976\u5317\u94b1\u201d\u3002", "b_tag": "\u957f\u7bc7\u5c0f\u8bf4", "b_score": "9.3", "b_publish": "\u4eba\u6c11\u6587\u5b66\u51fa\u7248\u793e"}}, {"model": "Web.book", "pk": 8, "fields": {"b_book_name": "\u7a7a\u5c9b", "b_year": 2015, "b_image": "https://timgsa.baidu.com/timg?image&quality=80&size=b9999_10000&sec=1589108639939&di=531aedd6a5cab5c227aa451a284d809c&imgtype=0&src=http%3A%2F%2Fi3.sinaimg.cn%2Fbook%2Fnews%2Fb%2F2015-04-14%2FU12136P112T3D735377F48DT20150414180225.jpg", "b_page_num": 251, "b_price": "36.00", "b_author": "\u4f59\u79cb\u96e8", "b_book_describe": "\u300a\u7a7a\u5c9b\u300b\u662f\u4e00\u7bc7\u7528\u5386\u53f2\u7eaa\u5b9e\u7684\u624b\u6cd5\u5b8c\u6210\u7684\u60ac\u7591\u5c0f\u8bf4\u3002", "b_author_describe": "\u4f59\u79cb\u96e8\uff0c1946\u5e748\u670823\u65e5\u51fa\u751f\u4e8e\u6d59\u6c5f\u7701\u4f59\u59da\u53bf\uff0c\u4e2d\u56fd\u8457\u540d\u6587\u5316\u5b66\u8005\uff0c\u7406\u8bba\u5bb6\u3001\u6587\u5316\u53f2\u5b66\u5bb6 \u3001\u6563\u6587\u5bb6\u3002", "b_tag": "\u957f\u7bc7\u5c0f\u8bf4", "b_score": "6.9", "b_publish": "\u4f5c\u5bb6\u51fa\u7248\u793e"}}, {"model": "Web.book", "pk": 9, "fields": {"b_book_name": "\u7720\u7a7a", "b_year": 2013, "b_image": "https://ss1.bdstatic.com/70cFuXSh_Q1YnxGkpoWK1HF6hhy/it/u=3623836176,681959097&fm=26&gp=0.jpg", "b_page_num": 264, "b_price": "39.50", "b_author": "\u5b89\u59ae\u5b9d\u8d1d", "b_book_describe": "\u300a\u7720\u7a7a\u300b\u8bb0\u5f55\u4f5c\u8005\u5173\u4e8e\u4eb2\u60c5\u3001\u751f\u6d3b\u3001\u65c5\u884c\u3001\u9605\u8bfb\u3001\u5ba1\u7f8e\u7684\u54f2\u5b66\u601d\u8003\u53ca\u7ec6\u8282\u70b9\u6ef4\u3002", "b_author_describe": "\u5e86\u5c71\uff08\u5b89\u59ae\u5b9d\u8d1d\uff09\uff0c1974\u5e747\u670811\u65e5\u51fa\u751f\u4e8e\u6d59\u6c5f\u7701\u5b81\u6ce2\u5e02\uff0c\u5f53\u4ee3\u4f5c\u5bb6\u3002", "b_tag": "\u6563\u6587\u96c6", "b_score": "7.6", "b_publish": "\u5317\u4eac\u5341\u6708\u6587\u827a\u51fa\u7248\u793e"}}, {"model": "Web.book", "pk": 10, "fields": {"b_book_name": "\u6492\u54c8\u62c9\u7684\u6545\u4e8b", "b_year": 1976, "b_image": "https://ss3.bdstatic.com/70cFv8Sh_Q1YnxGkpoWK1HF6hhy/it/u=1863485666,340387717&fm=26&gp=0.jpg", "b_page_num": 300, "b_price": "24.00", "b_author": "\u4e09\u6bdb", "b_book_describe": "\u300a\u6492\u54c8\u62c9\u7684\u6545\u4e8b\u300b\u4e3b\u8981\u63cf\u5199\u4e86\u4e09\u6bdb\u548c\u8377\u897f\u5728\u6492\u54c8\u62c9\u6c99\u6f20\u751f\u6d3b\u65f6\u7684\u6240\u89c1\u6240\u95fb\u3002", "b_author_describe": "\u4e09\u6bdb\uff0c\u53f0\u6e7e\u8457\u540d\u4f5c\u5bb6\u3002", "b_tag": "\u6563\u6587\u96c6", "b_score": "9.0", "b_publish": "\u5317\u4eac\u5341\u6708\u6587\u827a\u51fa\u7248\u793e"}}, {"model": "Web.book", "pk": 11, "fields": {"b_book_name": "\u60b2\u60e8\u4e16\u754c", "b_year": 1862, "b_image": "https://ss0.bdstatic.com/70cFvHSh_Q1YnxGkpoWK1HF6hhy/it/u=2000937180,919400400&fm=26&gp=1.jpg", "b_page_num": 2063, "b_price": "112.00", "b_author": "\u7ef4\u514b\u591a\u00b7\u96e8\u679c", "b_book_describe": "\u300a\u60b2\u60e8\u4e16\u754c\u300b\u6df1\u523b\u63ed\u9732\u548c\u6279\u5224\u4e8619\u4e16\u7eaa\u6cd5\u56fd\u5c01\u5efa\u4e13\u5236\u793e\u4f1a\u7684\u8150\u673d\u672c\u8d28\u53ca\u5176\u7f6a\u6076\u73b0\u8c61\u3002", "b_author_describe": "19\u4e16\u7eaa\u6cd5\u56fd\u6d6a\u6f2b\u4e3b\u4e49\u4ee3\u8868\u4f5c\u5bb6\u3002", "b_tag": "\u7ecf\u5178\u540d\u8457", "b_score": "8.6", "b_publish": "\u957f\u6c5f\u6587\u827a\u51fa\u7248\u793e"}}, {"model": "Web.book", "pk": 12, "fields": {"b_book_name": "\u683c\u5217\u4f5b\u6e38\u8bb0", "b_year": 1726, "b_image": "https://ss2.bdstatic.com/70cFvnSh_Q1YnxGkpoWK1HF6hhy/it/u=1198394551,710724547&fm=26&gp=0.jpg", "b_page_num": 274, "b_price": "20.00", "b_author": "\u4e54\u7eb3\u68ee\u00b7\u65af\u5a01\u592b\u7279", "b_book_describe": "\u300a\u683c\u5217\u4f5b\u6e38\u8bb0\u300b\u662f\u82f1\u56fd\u4f5c\u5bb6\u4e54\u7eb3\u68ee\u00b7\u65af\u5a01\u592b\u7279\u521b\u4f5c\u7684\u4e00\u90e8\u957f\u7bc7\u6e38\u8bb0\u4f53\u8bbd\u523a\u5c0f\u8bf4\u3002", "b_author_describe": "\u4e54\u7eb3\u68ee\u00b7\u65af\u5a01\u592b\u7279\uff0c\u7231\u5c14\u5170\u4f5c\u5bb6\uff0c\u653f\u8bba\u5bb6\uff0c\u8bbd\u523a\u6587\u5b66\u5927\u5e08\uff0c\u4ed6\u66fe\u88ab\u9ad8\u5c14\u57fa\u79f0\u4e3a\u201c\u4e16\u754c\u6587\u5b66\u521b\u9020\u8005\u4e4b\u4e00\u201d\u3002", "b_tag": "\u7ecf\u5178\u540d\u8457", "b_score": "7.8", "b_publish": "\u4eba\u6c11\u6587\u5b66\u51fa\u7248\u793e"}}, {"model": "Web.book", "pk": 13, "fields": {"b_book_name": "\u6b27\u4e5f\u59ae\u00b7\u845b\u6717\u53f0", "b_year": 1833, "b_image": "https://ss1.bdstatic.com/70cFvXSh_Q1YnxGkpoWK1HF6hhy/it/u=4134524080,3464381665&fm=26&gp=0.jpg", "b_page_num": 215, "b_price": "15.00", "b_author": "\u5df4\u5c14\u624e\u514b", "b_book_describe": "\u300a\u6b27\u4e5f\u59ae\u00b7\u845b\u6717\u53f0\u300b\u662f\u4e00\u5e45\u6cd5\u56fd19\u4e16\u7eaa\u524d\u534a\u671f\u5916\u7701\u7684\u8272\u5f69\u7f24\u7eb7\u7684\u793e\u4f1a\u98ce\u4fd7\u753b\u3002\u63ed\u9732\u4e86\u8d44\u672c\u4e3b\u4e49\u793e\u4f1a\u7684\u7f6a\u6076\uff0c\u91d1\u94b1\u5bf9\u4eba\u7684\u601d\u60f3\u7075\u9b42\u8150\u8680\u548c\u6467\u6b8b\u3002", "b_author_describe": "19\u4e16\u7eaa\u6cd5\u56fd\u6279\u5224\u73b0\u5b9e\u4e3b\u4e49\u4f5c\u5bb6\uff0c\u6b27\u6d32\u6279\u5224\u73b0\u5b9e\u4e3b\u4e49\u6587\u5b66\u7684\u5960\u57fa\u4eba\u548c\u6770\u51fa\u4ee3\u8868\u3002", "b_tag": "\u7ecf\u5178\u540d\u8457", "b_score": "8.1", "b_publish": "\u957f\u6c5f\u6587\u827a\u51fa\u7248\u793e"}}, {"model": "Web.book", "pk": 14, "fields": {"b_book_name": "\u53f2\u8482\u592b\u00b7\u4e54\u5e03\u65af\u4f20", "b_year": 2011, "b_image": "https://ss1.bdstatic.com/70cFuXSh_Q1YnxGkpoWK1HF6hhy/it/u=4007959110,2356655421&fm=26&gp=0.jpg", "b_page_num": 521, "b_price": "68.00", "b_author": "\u6c83\u5c14\u7279\u00b7\u827e\u8428\u514b\u68ee", "b_book_describe": "\u300a\u53f2\u8482\u592b\u00b7\u4e54\u5e03\u65af\u4f20\u300b\u662f\u53f2\u8482\u592b\u00b7\u4e54\u5e03\u65af\u552f\u4e00\u6388\u6743\u7684\u5b98\u65b9\u4f20\u8bb0\uff0c\u57282011\u5e74\u4e0a\u534a\u5e74\u7531\u7f8e\u56fd\u51fa\u7248\u5546\u897f\u8499\u8212\u65af\u7279\u5bf9\u5916\u53d1\u5e03\u51fa\u7248\u6d88\u606f\uff0c\u5907\u53d7\u5168\u7403\u5a92\u4f53\u548c\u4e1a\u754c\u77a9\u76ee\u3002", "b_author_describe": "\u6c83\u5c14\u7279\u00b7\u827e\u8428\u514b\u68ee\uff0c\u7f8e\u56fd\u8457\u540d\u7684\u4f20\u8bb0\u4f5c\u5bb6\uff0c\u751f\u4e8e\u7f8e\u56fd\u65b0\u5965\u5c14\u826f\uff0c\u66fe\u5148\u540e\u5c31\u8bfb\u4e8e\u7f8e\u56fd\u54c8\u4f5b\u5927\u5b66\u548c\u82f1\u56fd\u725b\u6d25\u5927\u5b66\u5f6d\u5e03\u7f57\u514b\u5b66\u9662\u3002", "b_tag": "\u4eba\u7269\u4f20\u8bb0", "b_score": "8.7", "b_publish": "\u4e2d\u4fe1\u51fa\u7248\u793e"}}, {"model": "Web.book", "pk": 15, "fields": {"b_book_name": "\u6797\u80af\u4f20", "b_year": 1978, "b_image": "https://ss0.bdstatic.com/70cFuHSh_Q1YnxGkpoWK1HF6hhy/it/u=1545372773,1881061061&fm=26&gp=0.jpg", "b_page_num": 246, "b_price": "26.00", "b_author": "\u6234\u5c14\u00b7\u5361\u8010\u57fa", "b_book_describe": "\u672c\u4e66\u5e76\u975e\u4e00\u672c\u4f20\u7edf\u610f\u4e49\u4e0a\u7684\u6797\u80af\u751f\u5e73\u4f20\u8bb0\uff0c\u6291\u6216\u8bb0\u5f55\u6797\u80af\u751f\u5e73\u5e74\u8868\u7684\u5386\u53f2\u8d44\u6599\uff0c\u800c\u662f\u7740\u91cd\u63cf\u5199\u6797\u80af\u653f\u6cbb\u751f\u6daf\u6240\u7ecf\u5386\u7684\u6f2b\u6f2b\u957f\u8def\uff0c\u4ee5\u53ca\u8ba9\u8fd9\u6bb5\u751f\u6daf\u707f\u70c2\u7efd\u653e\u7684\u5149\u8f89\u601d\u60f3\u3002", "b_author_describe": "\u6234\u5c14\u00b7\u5361\u8010\u57fa\uff0c\u7f8e\u56fd\u8457\u540d\u4eba\u9645\u5173\u7cfb\u5b66\u5927\u5e08\uff0c\u7f8e\u56fd\u73b0\u4ee3\u6210\u4eba\u6559\u80b2\u4e4b\u7236\uff0c\u897f\u65b9\u73b0\u4ee3\u4eba\u9645\u5173\u7cfb\u6559\u80b2\u7684\u5960\u57fa\u4eba\uff0c\u88ab\u8a89\u4e3a\u662f20\u4e16\u7eaa\u6700\u4f1f\u5927\u7684\u5fc3\u7075\u5bfc\u5e08\u548c\u6210\u529f\u5b66\u5927\u5e08\u3002", "b_tag": "\u4eba\u7269\u4f20\u8bb0", "b_score": "8.6", "b_publish": "\u4e2d\u56fd\u7eba\u7ec7\u51fa\u7248\u793e"}}, {"model": "Web.book", "pk": 16, "fields": {"b_book_name": "\u5929\u5149\u6d77\u5cb8", "b_year": 2011, "b_image": "https://ss1.bdstatic.com/70cFuXSh_Q1YnxGkpoWK1HF6hhy/it/u=1221655416,3663993039&fm=26&gp=0.jpg", "b_page_num": 171, "b_price": "8.00", "b_author": "\u738b\u7136\u4f17", "b_book_describe": "\u8bb2\u8ff0\u4e86\u4e00\u4e2a\u6210\u957f\u8def\u4e0a\u7684\u6545\u4e8b\u3002", "b_author_describe": "\u5c71\u4e1c\u7701\u4f5c\u5bb6\u534f\u4f1a\u4f1a\u5458\uff0c2005\u5e74\u5f00\u59cb\u513f\u7ae5\u6587\u5b66\u521b\u4f5c\uff0c\u4e3b\u8981\u4f5c\u54c1\u6709\u300a\u6f02\u6d41\u74f6\u7684\u68a6\u60f3\u300b\u300a\u4f24\u5bb3\u300b\u300a\u7eaf\u771f\u5c81\u6708\u300b\u7b49\u3002", "b_tag": "\u513f\u7ae5\u6587\u5b66", "b_score": "7.5", "b_publish": "\u4e2d\u56fd\u5c11\u5e74\u513f\u7ae5\u51fa\u7248\u793e"}}, {"model": "Web.book", "pk": 17, "fields": {"b_book_name": "\u6728\u68c9\u00b7\u6d41\u5e74", "b_year": 2010, "b_image": "https://timgsa.baidu.com/timg?image&quality=80&size=b9999_10000&sec=1589108161548&di=432597423e1db7c715dd6a005436c549&imgtype=0&src=http%3A%2F%2Fimages.bookuu.com%2Fbook_t%2F18%2F57%2F88%2F1857881.jpg", "b_page_num": 150, "b_price": "16.00", "b_author": "\u674e\u79cb\u6c85", "b_book_describe": "\u4f5c\u8005\u4ee5\u4e00\u4e2a\u5b69\u7ae5\u7684\u89c6\u89d2\u63cf\u8ff0\u4e86\u6297\u6218\u65f6\u671f\u4e0d\u540c\u4eba\u7269\u7684\u547d\u8fd0\u6545\u4e8b\u3002", "b_author_describe": "\u674e\u79cb\u6c85\uff0c\u513f\u7ae5\u6587\u5b66\u4f5c\u5bb6\u3002\u4f5c\u54c1\u66fe\u83b7\u4e0a\u6d77\u300a\u5c11\u5e74\u6587\u827a\u300b\u5e74\u5ea6\u597d\u4f5c\u54c1\u5956\uff1b\u7b2c\u5341\u4e8c\u5c4a\u51b0\u5fc3\u513f\u7ae5\u6587\u5b66\u5956\uff1b\u7b2c\u5341\u516d\u5c4a\u51b0\u5fc3\u513f \u7ae5\u6587\u5b66\u5927\u5956\uff1b\u56fd\u5bb6\u5e7f\u7535\u603b\u5c40\u4e13\u9879\u57fa\u91d1\u4f18\u79c0\u5c11\u513f\u8282\u76ee\u5956\u7b49\u5956\u9879\u3002", "b_tag": "\u513f\u7ae5\u6587\u5b66", "b_score": "9.0", "b_publish": "\u4e2d\u56fd\u5c11\u5e74\u513f\u7ae5\u51fa\u7248\u793e"}}, {"model": "Web.book", "pk": 18, "fields": {"b_book_name": "\u66fe\u8bb8\u8bfa", "b_year": 2011, "b_image": "https://ss1.bdstatic.com/70cFvXSh_Q1YnxGkpoWK1HF6hhy/it/u=1490956602,2397310915&fm=26&gp=0.jpg", "b_page_num": 607, "b_price": "55.80", "b_author": "\u6850\u534e", "b_book_describe": "\u5c0f\u8bf4\u4e3b\u8981\u8bb2\u8ff0\u4e86\u8fdc\u53e4\u65f6\u671f\u795e\u519c\u3001\u8f69\u8f95\u3001\u9ad8\u8f9b\u4e09\u65cf\u7684\u6597\u4e89\u4e2d\u5939\u6742\u7740\u513f\u5973\u60c5\u957f\u7684\u6545\u4e8b\u3002", "b_author_describe": "\u6850\u534e\uff0c\u4e2d\u56fd\u5973\u4f5c\u5bb6\u3001\u5f71\u89c6\u7b56\u5212\u4eba\u3002", "b_tag": "\u8a00\u60c5\u5c0f\u8bf4", "b_score": "8.0", "b_publish": "\u6e56\u5357\u6587\u827a\u51fa\u7248\u793e"}}, {"model": "Web.book", "pk": 19, "fields": {"b_book_name": "\u4e00\u5929", "b_year": 2010, "b_image": "https://ss1.bdstatic.com/70cFuXSh_Q1YnxGkpoWK1HF6hhy/it/u=3685689438,2556034263&fm=15&gp=0.jpg", "b_page_num": 361, "b_price": "29.80", "b_author": "\u5927\u536b\u2022\u5c3c\u514b\u65af", "b_book_describe": "\u8bb2\u8ff0\u4e86\u521a\u521a\u4ece\u5b66\u6821\u6bd5\u4e1a\u7684\u5fb7\u514b\u65af\u7279\u548c\u827e\u739b\u521d\u6b21\u76f8\u8bc6\uff0c\u7136\u540e\u5728\u63a5\u4e0b\u6765\u768420\u5e74\u91cc\uff0c\u4ed6\u4eec\u6bcf\u4e00\u5e74\u7684\u8fd9\u4e00\u5929\u90fd\u4f1a\u89c1\u9762\uff0c\u53ea\u89c1\u4e00\u9762\u804a\u804a\u5f7c\u6b64\u7684\u751f\u6d3b\u3002", "b_author_describe": "\u82f1\u56fd\u8457\u540d\u7f16\u5267\u3001\u7545\u9500\u4e66\u4f5c\u5bb6\u3002\u751f\u4e8e1966\u5e74\uff0c\u5927\u5b66\u6bd5\u4e1a\u540e\u4ece\u4e8b\u97f3\u4e50\u5267\u7f16\u8f91\u3001\u6f14\u5458\uff0c\u540e\u4e13\u4e8b\u5199\u4f5c\u3002", "b_tag": "\u8a00\u60c5\u5c0f\u8bf4", "b_score": "8.3", "b_publish": "\u5357\u6d77\u51fa\u7248\u516c\u53f8"}}, {"model": "Web.group", "pk": 1, "fields": {"g_id": "12345", "g_name": "\u725b\u903c\u7684\u5c0f\u7ec4100", "g_describe": "\u8fd9\u4e2a\u5c0f\u7ec4\u5f88\u725b\u903c", "g_num": 100}}, {"model": "Web.group", "pk": 2, "fields": {"g_id": "12346", "g_name": "\u725b\u903c\u7684\u5c0f\u7ec410", "g_describe": "\u8fd9\u4e2a\u5c0f\u7ec4\u5f88\u725b\u903c", "g_num": 10}}, {"model": "Web.group", "pk": 3, "fields": {"g_id": "12347", "g_name": "\u725b\u903c\u7684\u5c0f\u7ec490", "g_describe": "\u8fd9\u4e2a\u5c0f\u7ec4\u5f88\u725b\u903c", "g_num": 91}}, {"model": "Web.group", "pk": 4, "fields": {"g_id": "12348", "g_name": "\u725b\u903c\u7684\u5c0f\u7ec460", "g_describe": "\u8fd9\u4e2a\u5c0f\u7ec4\u5f88\u725b\u903c", "g_num": 60}}, {"model": "Web.group", "pk": 5, "fields": {"g_id": "12349", "g_name": "\u725b\u903c\u7684\u5c0f\u7ec430", "g_describe": "\u8fd9\u4e2a\u5c0f\u7ec4\u5f88\u725b\u903c", "g_num": 30}}, {"model": "Web.group", "pk": 6, "fields": {"g_id": "12350", "g_name": "\u725b\u903c\u7684\u5c0f\u7ec440", "g_describe": "\u8fd9\u4e2a\u5c0f\u7ec4\u5f88\u725b\u903c", "g_num": 40}}, {"model": "Web.group", "pk": 7, "fields": {"g_id": "12351", "g_name": "\u4e0d\u725b\u903c\u7684\u5c0f\u7ec450", "g_describe": "\u8fd9\u4e2a\u5c0f\u7ec4\u4e0d\u725b\u903c", "g_num": 50}}, {"model": "Web.group", "pk": 8, "fields": {"g_id": "12352", "g_name": "\u4e0d\u725b\u903c\u7684\u5c0f\u7ec420", "g_describe": "\u8fd9\u4e2a\u5c0f\u7ec4\u4e0d\u725b\u903c", "g_num": 20}}, {"model": "Web.group", "pk": 13, "fields": {"g_id": "352263861", "g_name": "\u738b\u9756\u9f99\u7684\u5c0f\u7ec4", "g_describe": "\u8fd9\u662f\u738b\u9756\u9f99\u5efa\u7684\u4e00\u4e2a\u5c0f\u7ec4\r\n\r\n\r\n", "g_num": 1}}, {"model": "Web.group", "pk": 14, "fields": {"g_id": "1234567", "g_name": "\u738b\u9756\u9f99\u7684\u7b2c\u4e8c\u4e2a\u5c0f\u7ec4", "g_describe": "\u7b2c\u4e8c\u4e2a", "g_num": 2}}, {"model": "Web.group_relations", "pk": 4, "fields": {"g_user": 7, "g_group": 2, "g_level": 1}}, {"model": "Web.group_relations", "pk": 5, "fields": {"g_user": 7, "g_group": 3, "g_level": 3}}, {"model": "Web.group_relations", "pk": 6, "fields": {"g_user": 7, "g_group": 4, "g_level": 2}}, {"model": "Web.group_relations", "pk": 7, "fields": {"g_user": 7, "g_group": 5, "g_level": 2}}, {"model": "Web.group_relations", "pk": 8, "fields": {"g_user": 7, "g_group": 6, "g_level": 2}}, {"model": "Web.group_relations", "pk": 9, "fields": {"g_user": 10, "g_group": 7, "g_level": 1}}, {"model": "Web.group_relations", "pk": 22, "fields": {"g_user": 7, "g_group": 13, "g_level": 3}}, {"model": "Web.group_relations", "pk": 23, "fields": {"g_user": 7, "g_group": 14, "g_level": 3}}, {"model": "Web.add_group", "pk": 18, "fields": {"reason": "\u6211\u60f3\u52a0\u5165\u5c0f\u7ec4", "g_user": 7, "g_group": 1, "is_admin": false}}, {"model": "Web.add_group", "pk": 21, "fields": {"reason": "\u6211\u60f3\u52a0\u5165\u5c0f\u7ec4\r\n", "g_user": 10, "g_group": 14, "is_admin": false}}, {"model": "Web.book_score", "pk": 6, "fields": {"book": 1, "user": 7, "score": "4.0"}}, {"model": "Web.book_score", "pk": 12, "fields": {"book": 2, "user": 7, "score": "8.0"}}, {"model": "Web.book_score", "pk": 13, "fields": {"book": 3, "user": 7, "score": "9.0"}}, {"model": "Web.book_score", "pk": 14, "fields": {"book": 4, "user": 7, "score": "10.0"}}, {"model": "Web.group_comment", "pk": 2, "fields": {"title": "1232131312", "picture": "pictures/2020/05/18/\u5b66\u5802\u89c6\u9891\u622a\u56fe_ubZSmNt.png", "content": "211111111111111111111111111111111111111111111111111111111111111111111", "is_top": false, "is_essential": true, "time": "2020-05-18T15:05:16.771", "group": 3, "user": 7}}, {"model": "Web.group_comment", "pk": 3, "fields": {"title": "3213", "picture": "", "content": "1231231231231231231231232313123123123123", "is_top": true, "is_essential": true, "time": "2020-05-18T15:12:10.763", "group": 3, "user": 7}}, {"model": "Web.group_comment", "pk": 4, "fields": {"title": "\u6211\u60f3\u8bf4\u8bdd", "picture": "", "content": "sadasdasdasfqwecqrqervqrvqewrrrrrrrrrrrrr", "is_top": true, "is_essential": false, "time": "2020-05-18T15:16:27.556", "group": 3, "user": 7}}, {"model": "Web.group_comment", "pk": 5, "fields": {"title": "h'h'h", "picture": "", "content": "dasjifjoisdafpoadfpoa jfoj apfdj ajpfsda kfewa\r\n", "is_top": false, "is_essential": false, "time": "2020-05-18T15:16:48.840", "group": 3, "user": 7}}, {"model": "Web.book_comment", "pk": 1, "fields": {"title": "\u8fd9\u662f\u6807\u9898", "time": "2020-05-17T13:09:56.753", "book": 1, "user": 10, "agree_num": 2, "disagree_num": 0, "is_report": true, "content": "\u8fd9\u662f\u5185\u5bb91232313", "user_like": [7, 10], "user_unlike": []}}, {"model": "Web.book_comment", "pk": 3, "fields": {"title": "\u8fd9\u662f\u7b2c\u4e8c\u4e2a\u6807\u9898", "time": "2020-05-17T13:09:52.427", "book": 1, "user": 7, "agree_num": 5, "disagree_num": 2, "is_report": false, "content": "\u5185\u5bb9", "user_like": [], "user_unlike": [7, 10]}}, {"model": "Web.book_comment", "pk": 7, "fields": {"title": "h'h'h", "time": "2020-05-16T13:10:21.635", "book": 1, "user": 10, "agree_num": 8, "disagree_num": 1, "is_report": false, "content": "\u8fd9\u4e66\u8fd8\u53ef\u4ee5\u554a\u5927\u82cf\u6253\u5927\u82cf\u6253\u662f\u554a\u5b9e\u6253\u5b9e\u6253\u7b97\u8fbe\u5230\u554a\u5b9e\u6253\u5b9e\u7684\u963f\u65af\u987f\r\n", "user_like": [], "user_unlike": [10]}}, {"model": "Web.book_comment", "pk": 8, "fields": {"title": "\u6211\u60f3\u8bf4\u8bdd", "time": "2020-05-17T13:14:30.840", "book": 1, "user": 10, "agree_num": 0, "disagree_num": 0, "is_report": false, "content": "211111111111111111111111111111111111111111111111111111111111111", "user_like": [], "user_unlike": []}}, {"model": "Web.book_comment", "pk": 9, "fields": {"title": "h'h'h", "time": "2020-05-17T13:16:23.542", "book": 1, "user": 10, "agree_num": 1, "disagree_num": 1, "is_report": false, "content": "1222222222222222222222222222222222222222222222222222222222222222222222222", "user_like": [10], "user_unlike": [7]}}, {"model": "Web.book_comment", "pk": 10, "fields": {"title": "\u6211\u60f3\u8bf4\u8bdd", "time": "2020-05-17T23:56:42.652", "book": 5, "user": 7, "agree_num": 6, "disagree_num": 0, "is_report": false, "content": "2131231231231313213123123123123", "user_like": [], "user_unlike": []}}, {"model": "Web.book_comment", "pk": 11, "fields": {"title": "\u6211\u60f3\u8bf4\u8bdd", "time": "2020-05-18T00:00:12.738", "book": 9, "user": 7, "agree_num": 0, "disagree_num": 0, "is_report": false, "content": "21111111111111111111111111111111111111111111111111111111111111111111111", "user_like": [], "user_unlike": []}}, {"model": "Web.book_comment", "pk": 12, "fields": {"title": "123", "time": "2020-05-18T17:54:13.391", "book": 12, "user": 7, "agree_num": 1, "disagree_num": 0, "is_report": false, "content": "32131321321323131231312321312312", "user_like": [7], "user_unlike": []}}, {"model": "Web.book_comment", "pk": 13, "fields": {"title": "\u8fd9\u672c\u4e66\u4e0d\u9519", "time": "2020-05-18T18:23:07.003", "book": 7, "user": 10, "agree_num": 0, "disagree_num": 0, "is_report": false, "content": "\u8fd9\u662f\u4e00\u672c\u597d\u4e66\u8fd9\u662f\u4e00\u672c\u597d\u4e66\u8fd9\u662f\u4e00\u672c\u597d\u4e66\u8fd9\u662f\u4e00\u672c\u597d\u4e66\u8fd9\u662f\u4e00\u672c\u597d\u4e66\u8fd9\u662f\u4e00\u672c\u597d\u4e66\u8fd9\u662f\u4e00\u672c\u597d\u4e66\u8fd9\u662f\u4e00\u672c\u597d\u4e66\u8fd9\u662f\u4e00\u672c\u597d\u4e66\u8fd9\u662f\u4e00\u672c\u597d\u4e66\r\n", "user_like": [], "user_unlike": []}}, {"model": "Web.book_comment_tip", "pk": 1, "fields": {"title": "321111111111111111", "reason": "213111111111111111111111111111111111111111111111111111111111111111111111111111111", "user": 7, "comment": 1}}, {"model": "auth.permission", "pk": 1, "fields": {"name": "Can add log entry", "content_type": 1, "codename": "add_logentry"}}, {"model": "auth.permission", "pk": 2, "fields": {"name": "Can change log entry", "content_type": 1, "codename": "change_logentry"}}, {"model": "auth.permission", "pk": 3, "fields": {"name": "Can delete log entry", "content_type": 1, "codename": "delete_logentry"}}, {"model": "auth.permission", "pk": 4, "fields": {"name": "Can view log entry", "content_type": 1, "codename": "view_logentry"}}, {"model": "auth.permission", "pk": 5, "fields": {"name": "Can add permission", "content_type": 2, "codename": "add_permission"}}, {"model": "auth.permission", "pk": 6, "fields": {"name": "Can change permission", "content_type": 2, "codename": "change_permission"}}, {"model": "auth.permission", "pk": 7, "fields": {"name": "Can delete permission", "content_type": 2, "codename": "delete_permission"}}, {"model": "auth.permission", "pk": 8, "fields": {"name": "Can view permission", "content_type": 2, "codename": "view_permission"}}, {"model": "auth.permission", "pk": 9, "fields": {"name": "Can add group", "content_type": 3, "codename": "add_group"}}, {"model": "auth.permission", "pk": 10, "fields": {"name": "Can change group", "content_type": 3, "codename": "change_group"}}, {"model": "auth.permission", "pk": 11, "fields": {"name": "Can delete group", "content_type": 3, "codename": "delete_group"}}, {"model": "auth.permission", "pk": 12, "fields": {"name": "Can view group", "content_type": 3, "codename": "view_group"}}, {"model": "auth.permission", "pk": 13, "fields": {"name": "Can add user", "content_type": 4, "codename": "add_user"}}, {"model": "auth.permission", "pk": 14, "fields": {"name": "Can change user", "content_type": 4, "codename": "change_user"}}, {"model": "auth.permission", "pk": 15, "fields": {"name": "Can delete user", "content_type": 4, "codename": "delete_user"}}, {"model": "auth.permission", "pk": 16, "fields": {"name": "Can view user", "content_type": 4, "codename": "view_user"}}, {"model": "auth.permission", "pk": 17, "fields": {"name": "Can add content type", "content_type": 5, "codename": "add_contenttype"}}, {"model": "auth.permission", "pk": 18, "fields": {"name": "Can change content type", "content_type": 5, "codename": "change_contenttype"}}, {"model": "auth.permission", "pk": 19, "fields": {"name": "Can delete content type", "content_type": 5, "codename": "delete_contenttype"}}, {"model": "auth.permission", "pk": 20, "fields": {"name": "Can view content type", "content_type": 5, "codename": "view_contenttype"}}, {"model": "auth.permission", "pk": 21, "fields": {"name": "Can add session", "content_type": 6, "codename": "add_session"}}, {"model": "auth.permission", "pk": 22, "fields": {"name": "Can change session", "content_type": 6, "codename": "change_session"}}, {"model": "auth.permission", "pk": 23, "fields": {"name": "Can delete session", "content_type": 6, "codename": "delete_session"}}, {"model": "auth.permission", "pk": 24, "fields": {"name": "Can view session", "content_type": 6, "codename": "view_session"}}, {"model": "auth.permission", "pk": 25, "fields": {"name": "Can add user", "content_type": 7, "codename": "add_user"}}, {"model": "auth.permission", "pk": 26, "fields": {"name": "Can change user", "content_type": 7, "codename": "change_user"}}, {"model": "auth.permission", "pk": 27, "fields": {"name": "Can delete user", "content_type": 7, "codename": "delete_user"}}, {"model": "auth.permission", "pk": 28, "fields": {"name": "Can view user", "content_type": 7, "codename": "view_user"}}, {"model": "auth.permission", "pk": 29, "fields": {"name": "Can add book", "content_type": 8, "codename": "add_book"}}, {"model": "auth.permission", "pk": 30, "fields": {"name": "Can change book", "content_type": 8, "codename": "change_book"}}, {"model": "auth.permission", "pk": 31, "fields": {"name": "Can delete book", "content_type": 8, "codename": "delete_book"}}, {"model": "auth.permission", "pk": 32, "fields": {"name": "Can view book", "content_type": 8, "codename": "view_book"}}, {"model": "auth.permission", "pk": 33, "fields": {"name": "Can add group", "content_type": 9, "codename": "add_group"}}, {"model": "auth.permission", "pk": 34, "fields": {"name": "Can change group", "content_type": 9, "codename": "change_group"}}, {"model": "auth.permission", "pk": 35, "fields": {"name": "Can delete group", "content_type": 9, "codename": "delete_group"}}, {"model": "auth.permission", "pk": 36, "fields": {"name": "Can view group", "content_type": 9, "codename": "view_group"}}, {"model": "auth.permission", "pk": 37, "fields": {"name": "Can add group_relations", "content_type": 10, "codename": "add_group_relations"}}, {"model": "auth.permission", "pk": 38, "fields": {"name": "Can change group_relations", "content_type": 10, "codename": "change_group_relations"}}, {"model": "auth.permission", "pk": 39, "fields": {"name": "Can delete group_relations", "content_type": 10, "codename": "delete_group_relations"}}, {"model": "auth.permission", "pk": 40, "fields": {"name": "Can view group_relations", "content_type": 10, "codename": "view_group_relations"}}, {"model": "auth.permission", "pk": 41, "fields": {"name": "Can add add_group", "content_type": 11, "codename": "add_add_group"}}, {"model": "auth.permission", "pk": 42, "fields": {"name": "Can change add_group", "content_type": 11, "codename": "change_add_group"}}, {"model": "auth.permission", "pk": 43, "fields": {"name": "Can delete add_group", "content_type": 11, "codename": "delete_add_group"}}, {"model": "auth.permission", "pk": 44, "fields": {"name": "Can view add_group", "content_type": 11, "codename": "view_add_group"}}, {"model": "auth.permission", "pk": 45, "fields": {"name": "Can add book_score", "content_type": 12, "codename": "add_book_score"}}, {"model": "auth.permission", "pk": 46, "fields": {"name": "Can change book_score", "content_type": 12, "codename": "change_book_score"}}, {"model": "auth.permission", "pk": 47, "fields": {"name": "Can delete book_score", "content_type": 12, "codename": "delete_book_score"}}, {"model": "auth.permission", "pk": 48, "fields": {"name": "Can view book_score", "content_type": 12, "codename": "view_book_score"}}, {"model": "auth.permission", "pk": 49, "fields": {"name": "Can add book_comment", "content_type": 13, "codename": "add_book_comment"}}, {"model": "auth.permission", "pk": 50, "fields": {"name": "Can change book_comment", "content_type": 13, "codename": "change_book_comment"}}, {"model": "auth.permission", "pk": 51, "fields": {"name": "Can delete book_comment", "content_type": 13, "codename": "delete_book_comment"}}, {"model": "auth.permission", "pk": 52, "fields": {"name": "Can view book_comment", "content_type": 13, "codename": "view_book_comment"}}, {"model": "auth.permission", "pk": 53, "fields": {"name": "Can add book_comment_relation", "content_type": 14, "codename": "add_book_comment_relation"}}, {"model": "auth.permission", "pk": 54, "fields": {"name": "Can change book_comment_relation", "content_type": 14, "codename": "change_book_comment_relation"}}, {"model": "auth.permission", "pk": 55, "fields": {"name": "Can delete book_comment_relation", "content_type": 14, "codename": "delete_book_comment_relation"}}, {"model": "auth.permission", "pk": 56, "fields": {"name": "Can view book_comment_relation", "content_type": 14, "codename": "view_book_comment_relation"}}, {"model": "auth.permission", "pk": 57, "fields": {"name": "Can add book_comment_tip", "content_type": 15, "codename": "add_book_comment_tip"}}, {"model": "auth.permission", "pk": 58, "fields": {"name": "Can change book_comment_tip", "content_type": 15, "codename": "change_book_comment_tip"}}, {"model": "auth.permission", "pk": 59, "fields": {"name": "Can delete book_comment_tip", "content_type": 15, "codename": "delete_book_comment_tip"}}, {"model": "auth.permission", "pk": 60, "fields": {"name": "Can view book_comment_tip", "content_type": 15, "codename": "view_book_comment_tip"}}, {"model": "auth.permission", "pk": 61, "fields": {"name": "Can add group_comment", "content_type": 16, "codename": "add_group_comment"}}, {"model": "auth.permission", "pk": 62, "fields": {"name": "Can change group_comment", "content_type": 16, "codename": "change_group_comment"}}, {"model": "auth.permission", "pk": 63, "fields": {"name": "Can delete group_comment", "content_type": 16, "codename": "delete_group_comment"}}, {"model": "auth.permission", "pk": 64, "fields": {"name": "Can view group_comment", "content_type": 16, "codename": "view_group_comment"}}]