[{"model": "Web.user", "pk": 7, "fields": {"u_username": "wjl", "u_password": "pbkdf2_sha256$150000$mR0sDDAOi4wX$4J2FC9fPzEf7SqPOSaEdxuqS3+CIirSvRXmonwZ981Y=", "u_email": "352263861@qq.com", "u_icon": "icons/2020/04/23/\u7231\u8bfe\u5802.png", "is_active": true, "is_delete": false, "is_manager": true}}, {"model": "Web.user", "pk": 10, "fields": {"u_username": "wjl123", "u_password": "pbkdf2_sha256$150000$qSInQuI6xSg5$WWk4Dfp0uI/5J6jXaNhXNyvuOoKvS/nJunb7hWKJ+8Q=", "u_email": "542539519@qq.com", "u_icon": "suoluetubig.jpg", "is_active": true, "is_delete": false, "is_manager": false}}, {"model": "Web.book", "pk": 1, "fields": {"b_book_name": "\u4e09\u4f531", "b_year": 2000, "b_image": "https://ss0.bdstatic.com/70cFvHSh_Q1YnxGkpoWK1HF6hhy/it/u=1780882637,267721747&fm=26&gp=0.jpg", "b_page_num": 460, "b_price": "47.20", "b_author": "\u5218\u6148\u6b23", "b_book_describe": "\u8fd9\u672c\u4e66\u5f88\u725b\u903c", "b_author_describe": "\u8fd9\u4e2a\u4f5c\u8005\u5f88\u725b\u903c", "b_tag": "\u79d1\u5e7b", "b_score": "4.0", "b_publish": "\u68a6\u5e7b\u51fa\u7248\u793e"}}, {"model": "Web.book", "pk": 2, "fields": {"b_book_name": "\u4e09\u4f532", "b_year": 2000, "b_image": "https://ss1.bdstatic.com/70cFvXSh_Q1YnxGkpoWK1HF6hhy/it/u=1253612667,2222500222&fm=26&gp=0.jpg", "b_page_num": 1000, "b_price": "38.50", "b_author": "\u5218\u6148\u6b23", "b_book_describe": "\u8fd9\u672c\u4e66\u5f88\u725b\u903c", "b_author_describe": "\u8fd9\u4e2a\u4f5c\u8005\u5f88\u725b\u903c", "b_tag": "\u79d1\u5e7b", "b_score": "8.0", "b_publish": "\u68a6\u5e7b\u51fa\u7248\u793e"}}, {"model": "Web.book", "pk": 3, "fields": {"b_book_name": "\u4e09\u4f533", "b_year": 2000, "b_image": "https://ss1.bdstatic.com/70cFuXSh_Q1YnxGkpoWK1HF6hhy/it/u=3355968884,211414329&fm=26&gp=0.jpg", "b_page_num": 1000, "b_price": "38.50", "b_author": "\u5218\u6148\u6b23", "b_book_describe": "\u8fd9\u672c\u4e66\u5f88\u725b\u903c", "b_author_describe": "\u8fd9\u4e2a\u4f5c\u8005\u5f88\u725b\u903c", "b_tag": "\u79d1\u5e7b", "b_score": "9.0", "b_publish": "\u68a6\u5e7b\u51fa\u7248\u793e"}}, {"model": "Web.book", "pk": 4, "fields": {"b_book_name": "\u4e34\u754c\u7235\u8ff9", "b_year": 2010, "b_image": "https://timgsa.baidu.com/timg?image&quality=80&size=b9999_10000&sec=1589108333026&di=3c864c12fbb3ca5ea96624310e1efdc7&imgtype=0&src=http%3A%2F%2Fi0.sinaimg.cn%2Fbook%2F2011%2F0516%2FU5083P112DT20110516145012.jpg", "b_page_num": 429, "b_price": "42.60", "b_author": "\u90ed\u656c\u660e", "b_book_describe": "\u8be5\u5c0f\u8bf4\u8bb2\u8ff0\u4e86\u5965\u6c40\u5927\u9646\u7684\u4e1c\u5357\u897f\u5317\u56db\u56fd\uff0c\u5145\u65a5\u7740\u795e\u79d8\u83ab\u6d4b\u7684\u9b42\u672f\uff0c\u5f25\u6f2b\u7740\u6743\u529b\u548c\u6b32\u671b\u7684\u6fc0\u70c8\u4e89\u593a\u7684\u6545\u4e8b\u3002", "b_author_describe": "\u90ed\u656c\u660e\uff0c\u4e2d\u56fd\u4f5c\u5bb6\u3001\u4e0a\u6d77\u6700\u4e16\u6587\u5316\u53d1\u5c55\u6709\u9650\u516c\u53f8\u8463\u4e8b\u957f\u3001\u300a\u6700\u5c0f\u8bf4\u300b\u7b49\u6742\u5fd7\u4e3b\u7f16\u3002", "b_tag": "\u7384\u5e7b\u5c0f\u8bf4", "b_score": "10.0", "b_publish": "\u957f\u6c5f\u6587\u827a\u51fa\u7248\u793e"}}, {"model": "Web.book", "pk": 5, "fields": {"b_book_name": "\u5e7b\u57ce", "b_year": 2003, "b_image": "https://ss1.bdstatic.com/70cFuXSh_Q1YnxGkpoWK1HF6hhy/it/u=2472910232,3661782661&fm=26&gp=0.jpg", "b_page_num": 245, "b_price": "25.00", "b_author": "\u90ed\u656c\u660e", "b_book_describe": "\u8be5\u5c0f\u8bf4\u8bbe\u5b9a\u5728\u865a\u6784\u7684\u5e7b\u96ea\u5e1d\u56fd\uff0c\u8bb2\u8ff0\u4e86\u51b0\u65cf\u7687\u5b50\u5361\u7d22\u4e0e\u5f1f\u5f1f\u6a31\u7a7a\u91ca\u7b49\u4eba\u88ab\u547d\u8fd0\u53cd\u590d\u64cd\u5f04\u7684\u6545\u4e8b\u3002", "b_author_describe": "\u90ed\u656c\u660e\uff0c\u4e2d\u56fd\u4f5c\u5bb6\u3001\u4e0a\u6d77\u6700\u4e16\u6587\u5316\u53d1\u5c55\u6709\u9650\u516c\u53f8\u8463\u4e8b\u957f\u3001\u300a\u6700\u5c0f\u8bf4\u300b\u7b49\u6742\u5fd7\u4e3b\u7f16\u3002", "b_tag": "\u7384\u5e7b\u5c0f\u8bf4", "b_score": "7.0", "b_publish": "\u957f\u6c5f\u6587\u827a\u51fa\u7248\u793e"}}, {"model": "Web.book", "pk": 6, "fields": {"b_book_name": "\u5bb6", "b_year": 1933, "b_image": "https://timgsa.baidu.com/timg?image&quality=80&size=b9999_10000&sec=1589108531372&di=f73d03483f5a30170f5305bb8bb1c046&imgtype=0&src=http%3A%2F%2Fimg14.360buyimg.com%2Fn1%2Fjfs%2Ft17497%2F231%2F1892072156%2F199909%2Fe1da75%2F5adc9b27N9e5d9cf5.jpg", "b_page_num": 358, "b_price": "33.00", "b_author": "\u5df4\u91d1", "b_book_describe": "\u300a\u5bb6\u300b\uff0c\u4e2d\u56fd\u4f5c\u5bb6\u5df4\u91d1\u7684\u957f\u7bc7\u5c0f\u8bf4\uff0c\u300a\u6fc0\u6d41\u4e09\u90e8\u66f2\u300b\u4e2d\u7684\u7b2c\u4e00\u90e8\uff0c\u5176\u4ed6\u4e24\u90e8\u4e3a\u300a\u6625\u300b\u3001\u300a\u79cb\u300b\u3002", "b_author_describe": "\u5df4\u91d1\uff0c\u662f\u4eab\u8a89\u6d77\u5185\u5916\u7684\u6587\u5b66\u5927\u5e08\uff0c\u6770\u51fa\u7684\u793e\u4f1a\u6d3b\u52a8\u5bb6\uff0c\u8457\u540d\u7684\u65e0\u515a\u6d3e\u7231\u56fd\u6c11\u4e3b\u4eba\u58eb\uff0c\u4e2d\u56fd\u5171\u4ea7\u515a\u7684\u4eb2\u5bc6\u670b\u53cb\u3002", "b_tag": "\u957f\u7bc7\u5c0f\u8bf4", "b_score": "8.2", "b_publish": "\u4eba\u6c11\u6587\u5b66\u51fa\u7248\u793e"}}, {"model": "Web.book", "pk": 7, "fields": {"b_book_name": "\u56f4\u57ce", "b_year": 1946, "b_image": "https://timgsa.baidu.com/timg?image&quality=80&size=b9999_10000&sec=1589108571718&di=11ebb88437e8dd8fa95602ddae8259eb&imgtype=0&src=http%3A%2F%2Fimg35.ddimg.cn%2F88%2F12%2F1168119205-1_w.jpg", "b_page_num": 377, "b_price": "28.00", "b_author": "\u94b1\u949f\u4e66", "b_book_describe": "\u300a\u56f4\u57ce\u300b\u662f\u94b1\u949f\u4e66\u6240\u8457\u7684\u957f\u7bc7\u5c0f\u8bf4\uff0c\u662f\u4e2d\u56fd\u73b0\u4ee3\u6587\u5b66\u53f2\u4e0a\u4e00\u90e8\u98ce\u683c\u72ec\u7279\u7684\u8bbd\u523a\u5c0f\u8bf4\u3002", "b_author_describe": "\u94b1\u949f\u4e66\uff0c\uff0c\u4e2d\u56fd\u73b0\u4ee3\u4f5c\u5bb6\u3001\u6587\u5b66\u7814\u7a76\u5bb6\uff0c\u4e0e\u9976\u5b97\u9890\u5e76\u79f0\u4e3a\u201c\u5357\u9976\u5317\u94b1\u201d\u3002", "b_tag": "\u957f\u7bc7\u5c0f\u8bf4", "b_score": "9.3", "b_publish": "\u4eba\u6c11\u6587\u5b66\u51fa\u7248\u793e"}}, {"model": "Web.book", "pk": 8, "fields": {"b_book_name": "\u7a7a\u5c9b", "b_year": 2015, "b_image": "https://timgsa.baidu.com/timg?image&quality=80&size=b9999_10000&sec=1589108639939&di=531aedd6a5cab5c227aa451a284d809c&imgtype=0&src=http%3A%2F%2Fi3.sinaimg.cn%2Fbook%2Fnews%2Fb%2F2015-04-14%2FU12136P112T3D735377F48DT20150414180225.jpg", "b_page_num": 251, "b_price": "36.00", "b_author": "\u4f59\u79cb\u96e8", "b_book_describe": "\u300a\u7a7a\u5c9b\u300b\u662f\u4e00\u7bc7\u7528\u5386\u53f2\u7eaa\u5b9e\u7684\u624b\u6cd5\u5b8c\u6210\u7684\u60ac\u7591\u5c0f\u8bf4\u3002", "b_author_describe": "\u4f59\u79cb\u96e8\uff0c1946\u5e748\u670823\u65e5\u51fa\u751f\u4e8e\u6d59\u6c5f\u7701\u4f59\u59da\u53bf\uff0c\u4e2d\u56fd\u8457\u540d\u6587\u5316\u5b66\u8005\uff0c\u7406\u8bba\u5bb6\u3001\u6587\u5316\u53f2\u5b66\u5bb6 \u3001\u6563\u6587\u5bb6\u3002", "b_tag": "\u957f\u7bc7\u5c0f\u8bf4", "b_score": "6.9", "b_publish": "\u4f5c\u5bb6\u51fa\u7248\u793e"}}, {"model": "Web.book", "pk": 9, "fields": {"b_book_name": "\u7720\u7a7a", "b_year": 2013, "b_image": "https://ss1.bdstatic.com/70cFuXSh_Q1YnxGkpoWK1HF6hhy/it/u=3623836176,681959097&fm=26&gp=0.jpg", "b_page_num": 264, "b_price": "39.50", "b_author": "\u5b89\u59ae\u5b9d\u8d1d", "b_book_describe": "\u300a\u7720\u7a7a\u300b\u8bb0\u5f55\u4f5c\u8005\u5173\u4e8e\u4eb2\u60c5\u3001\u751f\u6d3b\u3001\u65c5\u884c\u3001\u9605\u8bfb\u3001\u5ba1\u7f8e\u7684\u54f2\u5b66\u601d\u8003\u53ca\u7ec6\u8282\u70b9\u6ef4\u3002", "b_author_describe": "\u5e86\u5c71\uff08\u5b89\u59ae\u5b9d\u8d1d\uff09\uff0c1974\u5e747\u670811\u65e5\u51fa\u751f\u4e8e\u6d59\u6c5f\u7701\u5b81\u6ce2\u5e02\uff0c\u5f53\u4ee3\u4f5c\u5bb6\u3002", "b_tag": "\u6563\u6587\u96c6", "b_score": "7.6", "b_publish": "\u5317\u4eac\u5341\u6708\u6587\u827a\u51fa\u7248\u793e"}}, {"model": "Web.book", "pk": 10, "fields": {"b_book_name": "\u6492\u54c8\u62c9\u7684\u6545\u4e8b", "b_year": 1976, "b_image": "https://ss3.bdstatic.com/70cFv8Sh_Q1YnxGkpoWK1HF6hhy/it/u=1863485666,340387717&fm=26&gp=0.jpg", "b_page_num": 300, "b_price": "24.00", "b_author": "\u4e09\u6bdb", "b_book_describe": "\u300a\u6492\u54c8\u62c9\u7684\u6545\u4e8b\u300b\u4e3b\u8981\u63cf\u5199\u4e86\u4e09\u6bdb\u548c\u8377\u897f\u5728\u6492\u54c8\u62c9\u6c99\u6f20\u751f\u6d3b\u65f6\u7684\u6240\u89c1\u6240\u95fb\u3002", "b_author_describe": "\u4e09\u6bdb\uff0c\u53f0\u6e7e\u8457\u540d\u4f5c\u5bb6\u3002", "b_tag": "\u6563\u6587\u96c6", "b_score": "9.0", "b_publish": "\u5317\u4eac\u5341\u6708\u6587\u827a\u51fa\u7248\u793e"}}, {"model": "Web.book", "pk": 11, "fields": {"b_book_name": "\u60b2\u60e8\u4e16\u754c", "b_year": 1862, "b_image": "https://ss0.bdstatic.com/70cFvHSh_Q1YnxGkpoWK1HF6hhy/it/u=2000937180,919400400&fm=26&gp=1.jpg", "b_page_num": 2063, "b_price": "112.00", "b_author": "\u7ef4\u514b\u591a\u00b7\u96e8\u679c", "b_book_describe": "\u300a\u60b2\u60e8\u4e16\u754c\u300b\u6df1\u523b\u63ed\u9732\u548c\u6279\u5224\u4e8619\u4e16\u7eaa\u6cd5\u56fd\u5c01\u5efa\u4e13\u5236\u793e\u4f1a\u7684\u8150\u673d\u672c\u8d28\u53ca\u5176\u7f6a\u6076\u73b0\u8c61\u3002", "b_author_describe": "19\u4e16\u7eaa\u6cd5\u56fd\u6d6a\u6f2b\u4e3b\u4e49\u4ee3\u8868\u4f5c\u5bb6\u3002", "b_tag": "\u7ecf\u5178\u540d\u8457", "b_score": "8.6", "b_publish": "\u957f\u6c5f\u6587\u827a\u51fa\u7248\u793e"}}, {"model": "Web.book", "pk": 12, "fields": {"b_book_name": "\u683c\u5217\u4f5b\u6e38\u8bb0", "b_year": 1726, "b_image": "https://ss2.bdstatic.com/70cFvnSh_Q1YnxGkpoWK1HF6hhy/it/u=1198394551,710724547&fm=26&gp=0.jpg", "b_page_num": 274, "b_price": "20.00", "b_author": "\u4e54\u7eb3\u68ee\u00b7\u65af\u5a01\u592b\u7279", "b_book_describe": "\u300a\u683c\u5217\u4f5b\u6e38\u8bb0\u300b\u662f\u82f1\u56fd\u4f5c\u5bb6\u4e54\u7eb3\u68ee\u00b7\u65af\u5a01\u592b\u7279\u521b\u4f5c\u7684\u4e00\u90e8\u957f\u7bc7\u6e38\u8bb0\u4f53\u8bbd\u523a\u5c0f\u8bf4\u3002", "b_author_describe": "\u4e54\u7eb3\u68ee\u00b7\u65af\u5a01\u592b\u7279\uff0c\u7231\u5c14\u5170\u4f5c\u5bb6\uff0c\u653f\u8bba\u5bb6\uff0c\u8bbd\u523a\u6587\u5b66\u5927\u5e08\uff0c\u4ed6\u66fe\u88ab\u9ad8\u5c14\u57fa\u79f0\u4e3a\u201c\u4e16\u754c\u6587\u5b66\u521b\u9020\u8005\u4e4b\u4e00\u201d\u3002", "b_tag": "\u7ecf\u5178\u540d\u8457", "b_score": "7.8", "b_publish": "\u4eba\u6c11\u6587\u5b66\u51fa\u7248\u793e"}}, {"model": "Web.book", "pk": 13, "fields": {"b_book_name": "\u6b27\u4e5f\u59ae\u00b7\u845b\u6717\u53f0", "b_year": 1833, "b_image": "https://ss1.bdstatic.com/70cFvXSh_Q1YnxGkpoWK1HF6hhy/it/u=4134524080,3464381665&fm=26&gp=0.jpg", "b_page_num": 215, "b_price": "15.00", "b_author": "\u5df4\u5c14\u624e\u514b", "b_book_describe": "\u300a\u6b27\u4e5f\u59ae\u00b7\u845b\u6717\u53f0\u300b\u662f\u4e00\u5e45\u6cd5\u56fd19\u4e16\u7eaa\u524d\u534a\u671f\u5916\u7701\u7684\u8272\u5f69\u7f24\u7eb7\u7684\u793e\u4f1a\u98ce\u4fd7\u753b\u3002\u63ed\u9732\u4e86\u8d44\u672c\u4e3b\u4e49\u793e\u4f1a\u7684\u7f6a\u6076\uff0c\u91d1\u94b1\u5bf9\u4eba\u7684\u601d\u60f3\u7075\u9b42\u8150\u8680\u548c\u6467\u6b8b\u3002", "b_author_describe": "19\u4e16\u7eaa\u6cd5\u56fd\u6279\u5224\u73b0\u5b9e\u4e3b\u4e49\u4f5c\u5bb6\uff0c\u6b27\u6d32\u6279\u5224\u73b0\u5b9e\u4e3b\u4e49\u6587\u5b66\u7684\u5960\u57fa\u4eba\u548c\u6770\u51fa\u4ee3\u8868\u3002", "b_tag": "\u7ecf\u5178\u540d\u8457", "b_score": "8.1", "b_publish": "\u957f\u6c5f\u6587\u827a\u51fa\u7248\u793e"}}, {"model": "Web.book", "pk": 14, "fields": {"b_book_name": "\u53f2\u8482\u592b\u00b7\u4e54\u5e03\u65af\u4f20", "b_year": 2011, "b_image": "https://ss1.bdstatic.com/70cFuXSh_Q1YnxGkpoWK1HF6hhy/it/u=4007959110,2356655421&fm=26&gp=0.jpg", "b_page_num": 521, "b_price": "68.00", "b_author": "\u6c83\u5c14\u7279\u00b7\u827e\u8428\u514b\u68ee", "b_book_describe": "\u300a\u53f2\u8482\u592b\u00b7\u4e54\u5e03\u65af\u4f20\u300b\u662f\u53f2\u8482\u592b\u00b7\u4e54\u5e03\u65af\u552f\u4e00\u6388\u6743\u7684\u5b98\u65b9\u4f20\u8bb0\uff0c\u57282011\u5e74\u4e0a\u534a\u5e74\u7531\u7f8e\u56fd\u51fa\u7248\u5546\u897f\u8499\u8212\u65af\u7279\u5bf9\u5916\u53d1\u5e03\u51fa\u7248\u6d88\u606f\uff0c\u5907\u53d7\u5168\u7403\u5a92\u4f53\u548c\u4e1a\u754c\u77a9\u76ee\u3002", "b_author_describe": "\u6c83\u5c14\u7279\u00b7\u827e\u8428\u514b\u68ee\uff0c\u7f8e\u56fd\u8457\u540d\u7684\u4f20\u8bb0\u4f5c\u5bb6\uff0c\u751f\u4e8e\u7f8e\u56fd\u65b0\u5965\u5c14\u826f\uff0c\u66fe\u5148\u540e\u5c31\u8bfb\u4e8e\u7f8e\u56fd\u54c8\u4f5b\u5927\u5b66\u548c\u82f1\u56fd\u725b\u6d25\u5927\u5b66\u5f6d\u5e03\u7f57\u514b\u5b66\u9662\u3002", "b_tag": "\u4eba\u7269\u4f20\u8bb0", "b_score": "8.7", "b_publish": "\u4e2d\u4fe1\u51fa\u7248\u793e"}}, {"model": "Web.book", "pk": 15, "fields": {"b_book_name": "\u6797\u80af\u4f20", "b_year": 1978, "b_image": "https://ss0.bdstatic.com/70cFuHSh_Q1YnxGkpoWK1HF6hhy/it/u=1545372773,1881061061&fm=26&gp=0.jpg", "b_page_num": 246, "b_price": "26.00", "b_author": "\u6234\u5c14\u00b7\u5361\u8010\u57fa", "b_book_describe": "\u672c\u4e66\u5e76\u975e\u4e00\u672c\u4f20\u7edf\u610f\u4e49\u4e0a\u7684\u6797\u80af\u751f\u5e73\u4f20\u8bb0\uff0c\u6291\u6216\u8bb0\u5f55\u6797\u80af\u751f\u5e73\u5e74\u8868\u7684\u5386\u53f2\u8d44\u6599\uff0c\u800c\u662f\u7740\u91cd\u63cf\u5199\u6797\u80af\u653f\u6cbb\u751f\u6daf\u6240\u7ecf\u5386\u7684\u6f2b\u6f2b\u957f\u8def\uff0c\u4ee5\u53ca\u8ba9\u8fd9\u6bb5\u751f\u6daf\u707f\u70c2\u7efd\u653e\u7684\u5149\u8f89\u601d\u60f3\u3002", "b_author_describe": "\u6234\u5c14\u00b7\u5361\u8010\u57fa\uff0c\u7f8e\u56fd\u8457\u540d\u4eba\u9645\u5173\u7cfb\u5b66\u5927\u5e08\uff0c\u7f8e\u56fd\u73b0\u4ee3\u6210\u4eba\u6559\u80b2\u4e4b\u7236\uff0c\u897f\u65b9\u73b0\u4ee3\u4eba\u9645\u5173\u7cfb\u6559\u80b2\u7684\u5960\u57fa\u4eba\uff0c\u88ab\u8a89\u4e3a\u662f20\u4e16\u7eaa\u6700\u4f1f\u5927\u7684\u5fc3\u7075\u5bfc\u5e08\u548c\u6210\u529f\u5b66\u5927\u5e08\u3002", "b_tag": "\u4eba\u7269\u4f20\u8bb0", "b_score": "8.6", "b_publish": "\u4e2d\u56fd\u7eba\u7ec7\u51fa\u7248\u793e"}}, {"model": "Web.book", "pk": 16, "fields": {"b_book_name": "\u5929\u5149\u6d77\u5cb8", "b_year": 2011, "b_image": "https://ss1.bdstatic.com/70cFuXSh_Q1YnxGkpoWK1HF6hhy/it/u=1221655416,3663993039&fm=26&gp=0.jpg", "b_page_num": 171, "b_price": "8.00", "b_author": "\u738b\u7136\u4f17", "b_book_describe": "\u8bb2\u8ff0\u4e86\u4e00\u4e2a\u6210\u957f\u8def\u4e0a\u7684\u6545\u4e8b\u3002", "b_author_describe": "\u5c71\u4e1c\u7701\u4f5c\u5bb6\u534f\u4f1a\u4f1a\u5458\uff0c2005\u5e74\u5f00\u59cb\u513f\u7ae5\u6587\u5b66\u521b\u4f5c\uff0c\u4e3b\u8981\u4f5c\u54c1\u6709\u300a\u6f02\u6d41\u74f6\u7684\u68a6\u60f3\u300b\u300a\u4f24\u5bb3\u300b\u300a\u7eaf\u771f\u5c81\u6708\u300b\u7b49\u3002", "b_tag": "\u513f\u7ae5\u6587\u5b66", "b_score": "7.5", "b_publish": "\u4e2d\u56fd\u5c11\u5e74\u513f\u7ae5\u51fa\u7248\u793e"}}, {"model": "Web.book", "pk": 17, "fields": {"b_book_name": "\u6728\u68c9\u00b7\u6d41\u5e74", "b_year": 2010, "b_image": "https://timgsa.baidu.com/timg?image&quality=80&size=b9999_10000&sec=1589108161548&di=432597423e1db7c715dd6a005436c549&imgtype=0&src=http%3A%2F%2Fimages.bookuu.com%2Fbook_t%2F18%2F57%2F88%2F1857881.jpg", "b_page_num": 150, "b_price": "16.00", "b_author": "\u674e\u79cb\u6c85", "b_book_describe": "\u4f5c\u8005\u4ee5\u4e00\u4e2a\u5b69\u7ae5\u7684\u89c6\u89d2\u63cf\u8ff0\u4e86\u6297\u6218\u65f6\u671f\u4e0d\u540c\u4eba\u7269\u7684\u547d\u8fd0\u6545\u4e8b\u3002", "b_author_describe": "\u674e\u79cb\u6c85\uff0c\u513f\u7ae5\u6587\u5b66\u4f5c\u5bb6\u3002\u4f5c\u54c1\u66fe\u83b7\u4e0a\u6d77\u300a\u5c11\u5e74\u6587\u827a\u300b\u5e74\u5ea6\u597d\u4f5c\u54c1\u5956\uff1b\u7b2c\u5341\u4e8c\u5c4a\u51b0\u5fc3\u513f\u7ae5\u6587\u5b66\u5956\uff1b\u7b2c\u5341\u516d\u5c4a\u51b0\u5fc3\u513f \u7ae5\u6587\u5b66\u5927\u5956\uff1b\u56fd\u5bb6\u5e7f\u7535\u603b\u5c40\u4e13\u9879\u57fa\u91d1\u4f18\u79c0\u5c11\u513f\u8282\u76ee\u5956\u7b49\u5956\u9879\u3002", "b_tag": "\u513f\u7ae5\u6587\u5b66", "b_score": "9.0", "b_publish": "\u4e2d\u56fd\u5c11\u5e74\u513f\u7ae5\u51fa\u7248\u793e"}}, {"model": "Web.book", "pk": 18, "fields": {"b_book_name": "\u66fe\u8bb8\u8bfa", "b_year": 2011, "b_image": "https://ss1.bdstatic.com/70cFvXSh_Q1YnxGkpoWK1HF6hhy/it/u=1490956602,2397310915&fm=26&gp=0.jpg", "b_page_num": 607, "b_price": "55.80", "b_author": "\u6850\u534e", "b_book_describe": "\u5c0f\u8bf4\u4e3b\u8981\u8bb2\u8ff0\u4e86\u8fdc\u53e4\u65f6\u671f\u795e\u519c\u3001\u8f69\u8f95\u3001\u9ad8\u8f9b\u4e09\u65cf\u7684\u6597\u4e89\u4e2d\u5939\u6742\u7740\u513f\u5973\u60c5\u957f\u7684\u6545\u4e8b\u3002", "b_author_describe": "\u6850\u534e\uff0c\u4e2d\u56fd\u5973\u4f5c\u5bb6\u3001\u5f71\u89c6\u7b56\u5212\u4eba\u3002", "b_tag": "\u8a00\u60c5\u5c0f\u8bf4", "b_score": "8.0", "b_publish": "\u6e56\u5357\u6587\u827a\u51fa\u7248\u793e"}}, {"model": "Web.book", "pk": 19, "fields": {"b_book_name": "\u4e00\u5929", "b_year": 2010, "b_image": "https://ss1.bdstatic.com/70cFuXSh_Q1YnxGkpoWK1HF6hhy/it/u=3685689438,2556034263&fm=15&gp=0.jpg", "b_page_num": 361, "b_price": "29.80", "b_author": "\u5927\u536b\u2022\u5c3c\u514b\u65af", "b_book_describe": "\u8bb2\u8ff0\u4e86\u521a\u521a\u4ece\u5b66\u6821\u6bd5\u4e1a\u7684\u5fb7\u514b\u65af\u7279\u548c\u827e\u739b\u521d\u6b21\u76f8\u8bc6\uff0c\u7136\u540e\u5728\u63a5\u4e0b\u6765\u768420\u5e74\u91cc\uff0c\u4ed6\u4eec\u6bcf\u4e00\u5e74\u7684\u8fd9\u4e00\u5929\u90fd\u4f1a\u89c1\u9762\uff0c\u53ea\u89c1\u4e00\u9762\u804a\u804a\u5f7c\u6b64\u7684\u751f\u6d3b\u3002", "b_author_describe": "\u82f1\u56fd\u8457\u540d\u7f16\u5267\u3001\u7545\u9500\u4e66\u4f5c\u5bb6\u3002\u751f\u4e8e1966\u5e74\uff0c\u5927\u5b66\u6bd5\u4e1a\u540e\u4ece\u4e8b\u97f3\u4e50\u5267\u7f16\u8f91\u3001\u6f14\u5458\uff0c\u540e\u4e13\u4e8b\u5199\u4f5c\u3002", "b_tag": "\u8a00\u60c5\u5c0f\u8bf4", "b_score": "8.3", "b_publish": "\u5357\u6d77\u51fa\u7248\u516c\u53f8"}}, {"model": "Web.group", "pk": 1, "fields": {"g_id": "12345", "g_name": "\u725b\u903c\u7684\u5c0f\u7ec4100", "g_describe": "\u8fd9\u4e2a\u5c0f\u7ec4\u5f88\u725b\u903c", "g_num": 100}}, {"model": "Web.group", "pk": 2, "fields": {"g_id": "12346", "g_name": "\u725b\u903c\u7684\u5c0f\u7ec410", "g_describe": "\u8fd9\u4e2a\u5c0f\u7ec4\u5f88\u725b\u903c", "g_num": 10}}, {"model": "Web.group", "pk": 3, "fields": {"g_id": "12347", "g_name": "\u725b\u903c\u7684\u5c0f\u7ec490", "g_describe": "\u8fd9\u4e2a\u5c0f\u7ec4\u5f88\u725b\u903c", "g_num": 91}}, {"model": "Web.group", "pk": 4, "fields": {"g_id": "12348", "g_name": "\u725b\u903c\u7684\u5c0f\u7ec460", "g_describe": "\u8fd9\u4e2a\u5c0f\u7ec4\u5f88\u725b\u903c", "g_num": 60}}, {"model": "Web.group", "pk": 5, "fields": {"g_id": "12349", "g_name": "\u725b\u903c\u7684\u5c0f\u7ec430", "g_describe": "\u8fd9\u4e2a\u5c0f\u7ec4\u5f88\u725b\u903c", "g_num": 30}}, {"model": "Web.group", "pk": 6, "fields": {"g_id": "12350", "g_name": "\u725b\u903c\u7684\u5c0f\u7ec440", "g_describe": "\u8fd9\u4e2a\u5c0f\u7ec4\u5f88\u725b\u903c", "g_num": 40}}, {"model": "Web.group", "pk": 7, "fields": {"g_id": "12351", "g_name": "\u4e0d\u725b\u903c\u7684\u5c0f\u7ec450", "g_describe": "\u8fd9\u4e2a\u5c0f\u7ec4\u4e0d\u725b\u903c", "g_num": 50}}, {"model": "Web.group", "pk": 8, "fields": {"g_id": "12352", "g_name": "\u4e0d\u725b\u903c\u7684\u5c0f\u7ec420", "g_describe": "\u8fd9\u4e2a\u5c0f\u7ec4\u4e0d\u725b\u903c", "g_num": 20}}, {"model": "Web.group", "pk": 13, "fields": {"g_id": "352263861", "g_name": "\u738b\u9756\u9f99\u7684\u5c0f\u7ec4", "g_describe": "\u8fd9\u662f\u738b\u9756\u9f99\u5efa\u7684\u4e00\u4e2a\u5c0f\u7ec4\r\n\r\n\r\n", "g_num": 1}}, {"model": "Web.group", "pk": 14, "fields": {"g_id": "1234567", "g_name": "\u738b\u9756\u9f99\u7684\u7b2c\u4e8c\u4e2a\u5c0f\u7ec4", "g_describe": "\u7b2c\u4e8c\u4e2a", "g_num": 2}}, {"model": "Web.group", "pk": 15, "fields": {"g_id": "1242312", "g_name": "12313213123", "g_describe": "\u6492\u5927\u5927\u6492\u5927\u82cf\u6253", "g_num": 1}}, {"model": "Web.group_relations", "pk": 4, "fields": {"g_user": 7, "g_group": 2, "g_level": 1}}, {"model": "Web.group_relations", "pk": 5, "fields": {"g_user": 7, "g_group": 3, "g_level": 3}}, {"model": "Web.group_relations", "pk": 6, "fields": {"g_user": 7, "g_group": 4, "g_level": 2}}, {"model": "Web.group_relations", "pk": 7, "fields": {"g_user": 7, "g_group": 5, "g_level": 2}}, {"model": "Web.group_relations", "pk": 8, "fields": {"g_user": 7, "g_group": 6, "g_level": 2}}, {"model": "Web.group_relations", "pk": 9, "fields": {"g_user": 10, "g_group": 7, "g_level": 1}}, {"model": "Web.group_relations", "pk": 22, "fields": {"g_user": 7, "g_group": 13, "g_level": 3}}, {"model": "Web.group_relations", "pk": 23, "fields": {"g_user": 7, "g_group": 14, "g_level": 3}}, {"model": "Web.group_relations", "pk": 25, "fields": {"g_user": 7, "g_group": 15, "g_level": 3}}, {"model": "Web.add_group", "pk": 18, "fields": {"reason": "\u6211\u60f3\u52a0\u5165\u5c0f\u7ec4", "g_user": 7, "g_group": 1, "is_admin": false}}, {"model": "Web.add_group", "pk": 21, "fields": {"reason": "\u6211\u60f3\u52a0\u5165\u5c0f\u7ec4\r\n", "g_user": 10, "g_group": 14, "is_admin": false}}, {"model": "Web.book_score", "pk": 6, "fields": {"book": 1, "user": 7, "score": "4.0"}}, {"model": "Web.book_score", "pk": 12, "fields": {"book": 2, "user": 7, "score": "8.0"}}, {"model": "Web.book_score", "pk": 13, "fields": {"book": 3, "user": 7, "score": "9.0"}}, {"model": "Web.book_score", "pk": 14, "fields": {"book": 4, "user": 7, "score": "10.0"}}, {"model": "Web.group_comment", "pk": 2, "fields": {"title": "1232131312", "picture": "pictures/2020/05/18/\u5b66\u5802\u89c6\u9891\u622a\u56fe_ubZSmNt.png", "content": "211111111111111111111111111111111111111111111111111111111111111111111", "is_top": false, "is_essential": true, "time": "2020-05-18T15:05:16.771", "group": 3, "user": 7}}, {"model": "Web.group_comment", "pk": 3, "fields": {"title": "3213", "picture": "", "content": "1231231231231231231231232313123123123123", "is_top": true, "is_essential": true, "time": "2020-05-18T15:12:10.763", "group": 3, "user": 7}}, {"model": "Web.group_comment", "pk": 4, "fields": {"title": "\u6211\u60f3\u8bf4\u8bdd", "picture": "", "content": "sadasdasdasfqwecqrqervqrvqewrrrrrrrrrrrrr", "is_top": true, "is_essential": false, "time": "2020-05-18T15:16:27.556", "group": 3, "user": 10}}, {"model": "Web.group_comment", "pk": 10, "fields": {"title": "\u4e00\u4efd\u9898\u89e3", "picture": "", "content": "\u59d4\u5c48\u6076\u8da3\u5473\u8bf7\u95ee\u8bf7\u95ee23124124\u5927\u82cf\u6253\u963f\u65af\u987f\u554a\u6076\u8da3\u5473 ", "is_top": false, "is_essential": false, "time": "2020-05-27T16:49:04.357", "group": 4, "user": 7}}, {"model": "Web.book_comment", "pk": 3, "fields": {"title": "\u8fd9\u662f\u7b2c\u4e8c\u4e2a\u6807\u9898", "time": "2020-05-17T13:09:52.427", "book": 1, "user": 7, "agree_num": 5, "disagree_num": 2, "is_report": false, "content": "\u5185\u5bb9", "user_like": [], "user_unlike": [7, 10]}}, {"model": "Web.book_comment", "pk": 8, "fields": {"title": "\u6211\u60f3\u8bf4\u8bdd", "time": "2020-05-17T13:14:30.840", "book": 1, "user": 10, "agree_num": 0, "disagree_num": 0, "is_report": false, "content": "211111111111111111111111111111111111111111111111111111111111111", "user_like": [], "user_unlike": []}}, {"model": "Web.book_comment", "pk": 9, "fields": {"title": "h'h'h", "time": "2020-05-17T13:16:23.542", "book": 1, "user": 10, "agree_num": 1, "disagree_num": 1, "is_report": false, "content": "1222222222222222222222222222222222222222222222222222222222222222222222222", "user_like": [10], "user_unlike": [7]}}, {"model": "Web.book_comment", "pk": 10, "fields": {"title": "\u6211\u60f3\u8bf4\u8bdd", "time": "2020-05-17T23:56:42.652", "book": 5, "user": 7, "agree_num": 6, "disagree_num": 0, "is_report": false, "content": "2131231231231313213123123123123", "user_like": [], "user_unlike": []}}, {"model": "Web.book_comment", "pk": 11, "fields": {"title": "\u6211\u60f3\u8bf4\u8bdd", "time": "2020-05-18T00:00:12.738", "book": 9, "user": 7, "agree_num": 0, "disagree_num": 0, "is_report": false, "content": "21111111111111111111111111111111111111111111111111111111111111111111111", "user_like": [], "user_unlike": []}}, {"model": "Web.book_comment", "pk": 12, "fields": {"title": "123", "time": "2020-05-18T17:54:13.391", "book": 12, "user": 7, "agree_num": 1, "disagree_num": 0, "is_report": false, "content": "32131321321323131231312321312312", "user_like": [7], "user_unlike": []}}, {"model": "Web.book_comment", "pk": 13, "fields": {"title": "\u8fd9\u672c\u4e66\u4e0d\u9519", "time": "2020-05-18T18:23:07.003", "book": 7, "user": 10, "agree_num": 0, "disagree_num": 0, "is_report": false, "content": "\u8fd9\u662f\u4e00\u672c\u597d\u4e66\u8fd9\u662f\u4e00\u672c\u597d\u4e66\u8fd9\u662f\u4e00\u672c\u597d\u4e66\u8fd9\u662f\u4e00\u672c\u597d\u4e66\u8fd9\u662f\u4e00\u672c\u597d\u4e66\u8fd9\u662f\u4e00\u672c\u597d\u4e66\u8fd9\u662f\u4e00\u672c\u597d\u4e66\u8fd9\u662f\u4e00\u672c\u597d\u4e66\u8fd9\u662f\u4e00\u672c\u597d\u4e66\u8fd9\u662f\u4e00\u672c\u597d\u4e66\r\n", "user_like": [], "user_unlike": []}}, {"model": "Web.group_comment_response", "pk": 1, "fields": {"content": "\u8fd9\u662f\u7b2c\u4e00\u6761\u56de\u590d\u7684\u56de\u590d", "user": 7, "comment": 3, "time": "2020-05-21T22:45:18.475"}}, {"model": "Web.group_comment_response", "pk": 2, "fields": {"content": "123", "user": 7, "comment": 3, "time": "2020-05-21T22:47:11.488"}}, {"model": "Web.group_comment_response", "pk": 3, "fields": {"content": "132", "user": 7, "comment": 3, "time": "2020-05-21T22:47:15.101"}}, {"model": "Web.group_comment_response", "pk": 4, "fields": {"content": "321", "user": 7, "comment": 3, "time": "2020-05-21T22:47:17.051"}}, {"model": "Web.group_comment_response", "pk": 5, "fields": {"content": "12321121", "user": 7, "comment": 4, "time": "2020-05-22T12:45:33.816"}}, {"model": "Web.group_comment_response", "pk": 6, "fields": {"content": "3212132213", "user": 7, "comment": 4, "time": "2020-05-22T12:48:58.017"}}, {"model": "Web.group_comment_response", "pk": 7, "fields": {"content": "12312", "user": 7, "comment": 10, "time": "2020-05-27T16:49:10.795"}}, {"model": "Web.topic", "pk": 1, "fields": {"t_name": "\u738b\u9756\u9f99\u7684\u8bdd\u9898", "t_type": "\u4e66\u7c4d", "t_describe": "123123232131232323213213232121312321132", "t_num": 1}}, {"model": "Web.topic", "pk": 2, "fields": {"t_name": "\u738b\u9756\u9f99\u7684\u8bdd\u98981", "t_type": "\u5f71\u89c6", "t_describe": "21312312312312312312321313121213123", "t_num": 1}}, {"model": "Web.topic_relations", "pk": 1, "fields": {"t_user": 7, "t_topic": 1}}, {"model": "Web.topic_relations", "pk": 2, "fields": {"t_user": 7, "t_topic": 2}}, {"model": "Web.topic_comment", "pk": 1, "fields": {"user": 7, "topic": 2, "title": "\u4e00\u4e2a\u5f71\u8bc4", "picture": "", "content": "2313123123213131232131231", "time": "2020-05-30T16:43:08.376"}}, {"model": "Web.topic_comment", "pk": 2, "fields": {"user": 7, "topic": 2, "title": "\u4e00\u4efd\u9898\u89e3", "picture": "pictures/2020/05/30/\u4f5c\u4e1a\u622a\u56fe.png", "content": "12321312312323123123213123212313213", "time": "2020-05-30T16:45:10.993"}}, {"model": "Web.movie", "pk": 1, "fields": {"m_movie_name": "\u5934\u53f7\u73a9\u5bb6", "m_type": "\u7535\u5f71", "m_image": "https://ss0.bdstatic.com/70cFuHSh_Q1YnxGkpoWK1HF6hhy/it/u=233191723,207258669&fm=26&gp=0.jpg", "m_movie_describe": "\u8bb2\u8ff0\u4e86\u4e00\u4e2a\u73b0\u5b9e\u751f\u6d3b\u4e2d\u65e0\u6240\u5bc4\u6258\u3001\u6c89\u8ff7\u6e38\u620f\u7684\u5927\u7537\u5b69\uff0c\u51ed\u7740\u5bf9\u865a\u62df\u6e38\u620f\u8bbe\u8ba1\u8005\u7684\u6df1\u5165\u5256\u6790\uff0c\u5386\u7ecf\u78e8\u96be\uff0c\u627e\u5230\u9690\u85cf\u5728\u5173\u5361\u91cc\u7684\u4e09\u628a\u94a5\u5319\uff0c\u6210\u529f\u901a\u5173\u6e38\u620f\uff0c\u5e76\u4e14\u8fd8\u6536\u83b7\u4e86\u7f51\u604b\u5973\u53cb\u7684\u6545\u4e8b \u3002", "m_actor_describe": "\u6cf0\u5c14\u00b7\u8c22\u91cc\u4e39\uff0c1996\u5e7411\u670811\u65e5\u51fa\u751f\u4e8e\u7f8e\u56fd\u5fb7\u514b\u8428\u65af\u5dde\u57c3\u5c14\u514b\u54c8\u7279\uff0c\u7f8e\u56fd\u6f14\u5458\u3002\u5965\u5229\u7ef4\u4e9a\u00b7\u5e93\u514b\uff0c1993\u5e7412\u670827\u65e5\u5728\u82f1\u56fd\u5927\u66fc\u5207\u65af\u7279\u533a\u5965\u5c14\u5fb7\u59c6\u51fa\u751f\uff0c\u6f14\u5458\u3002", "m_tag": "\u79d1\u5e7b", "m_score": "8.7", "m_director": "\u53f2\u8482\u6587\u00b7\u65af\u76ae\u5c14\u4f2f\u683c", "m_manager": "\u53f2\u8482\u6587\u00b7\u65af\u76ae\u5c14\u4f2f\u683c", "m_actor": "\u6cf0\u4f0a\u00b7\u8c22\u91cc\u4e39\uff0c\u5965\u5229\u7ef4\u4e9a\u00b7\u5e93\u514b"}}, {"model": "Web.movie", "pk": 2, "fields": {"m_movie_name": "\u963f\u4e3d\u5854\uff1a\u6218\u6597\u5929\u4f7f", "m_type": "\u7535\u5f71", "m_image": "https://ss1.bdstatic.com/70cFuXSh_Q1YnxGkpoWK1HF6hhy/it/u=4133105398,3404832881&fm=26&gp=0.jpg", "m_movie_describe": "\u300a\u963f\u4e3d\u5854\uff1a\u6218\u6597\u5929\u4f7f\u300b\u6839\u636e\u65e5\u672c\u6f2b\u753b\u5bb6\u6728\u57ce\u96ea\u6237\u7684\u5c0f\u8bf4\u300a\u94f3\u68a6\u300b\u6539\u7f16\uff0c\u5f71\u7247\u6545\u4e8b\u80cc\u666f\u8bbe\u5b9a\u5728\u572826\u4e16\u7eaa\uff0c\u8bb2\u8ff0\u4e86\u8eab\u5904\u672b\u4e16\uff0c\u5e78\u8fd0\u91cd\u751f\u7684\u673a\u68b0\u5973\u5b69\u4e3a\u4e86\u6539\u53d8\u4e16\u754c\u800c\u52c7\u6562\u594b\u6597\u3001\u8e0f\u4e0a\u63a2\u7d22\u771f\u76f8\u65c5\u7a0b\u7684\u6545\u4e8b \u3002", "m_actor_describe": "\u7f57\u838e\u00b7\u8428\u62c9\u624e\u5c14\uff0c1985\u5e747\u670816\u65e5\u51fa\u751f\u4e8e\u7f8e\u56fd\u534e\u76db\u987f\u54e5\u4f26\u6bd4\u4e9a\u7279\u533a \uff0c\u7f8e\u56fd\u62c9\u4e01\u88d4\u5f71\u89c6\u5973\u6f14\u5458 \u3002\u514b\u91cc\u65af\u6258\u5f17\u00b7\u74e6\u5c14\u5179\uff0c1956\u5e7410\u67084\u65e5\u51fa\u751f\u4e8e\u5965\u5730\u5229\u7ef4\u4e5f\u7eb3\uff0c\u5965\u5730\u5229\u5f71\u89c6\u6f14\u5458\u3002", "m_tag": "\u79d1\u5e7b", "m_score": "7.5", "m_director": "\u7f57\u4f2f\u7279\u00b7\u7f57\u5fb7\u91cc\u683c\u5179", "m_manager": "\u8a79\u59c6\u65af\u00b7\u5361\u6885\u9686\u3001\u4e54\u6069\u00b7\u5170\u9053", "m_actor": "\u7f57\u838e\u00b7\u8428\u62c9\u624e\u5c14\uff0c\u514b\u91cc\u65af\u6258\u5f17\u00b7\u74e6\u5c14\u5179"}}, {"model": "Web.movie", "pk": 3, "fields": {"m_movie_name": "\u5fcc\u65e5\u5feb\u4e50", "m_type": "\u7535\u5f71", "m_image": "https://ss0.bdstatic.com/70cFvHSh_Q1YnxGkpoWK1HF6hhy/it/u=3995577436,1183530354&fm=26&gp=0.jpg", "m_movie_describe": "\u8be5\u7247\u8bb2\u8ff0\u4e86\u5927\u5b66\u751f\u6cf0\u8389\u4e0d\u65ad\u91cd\u590d\u7ecf\u5386\u5979\u81ea\u5df1\u88ab\u4eba\u8c0b\u6740\u7684\u4e00\u5929\u6765\u8ffd\u67e5\u771f\u51f6\u7684\u6545\u4e8b \u3002", "m_actor_describe": "\u6770\u897f\u5361\u00b7\u7f57\u5fb7\uff0c1987\u5e74\u51fa\u751f\u4e8e\u7f8e\u56fd\u79d1\u7f57\u62c9\u591a\u5dde\u4e39\u4f5b\uff0c\u7f8e\u56fd\u5973\u6f14\u5458\uff0c\u6bd5\u4e1a\u4e8e\u6ce2\u58eb\u987f\u5927\u5b66\u3002\u4f0a\u745f\u5c14\u00b7\u5e03\u7f57\u8428\u5fb7\uff0c1994\u5e7408\u670822\u65e5\u51fa\u751f\u4e8e\u5bc6\u897f\u897f\u6bd4\u683c\u5c14\u592b\u6ce2\u7279\uff0c\u7f8e\u56fd\u6f14\u5458\u3002\u300a\u6026\u7136\u5fc3\u52a8\u300b\u300a\u76d1\u62a4\u8005\u300b\u300a\u5fcc\u65e5\u5feb\u4e50\u300b\u300a\u81f4\u6240\u6709\u6211\u66fe\u7231\u8fc7\u7684\u7537\u5b69\u300b\u7b49\u3002", "m_tag": "\u6050\u6016", "m_score": "7.1", "m_director": "\u514b\u91cc\u65af\u6258\u5f17\u00b7\u5170\u6566", "m_manager": "\u514b\u91cc\u65af\u6258\u5f17\u00b7\u5170\u6566", "m_actor": "\u6770\u897f\u5361\u00b7\u7f57\u5fb7\uff0c\u4f0a\u745f\u5c14\u00b7\u5e03\u7f57\u8428\u5fb7"}}, {"model": "Web.movie", "pk": 4, "fields": {"m_movie_name": "\u5c11\u5e74\u7684\u4f60", "m_type": "\u7535\u5f71", "m_image": "https://ss1.bdstatic.com/70cFuXSh_Q1YnxGkpoWK1HF6hhy/it/u=1085540562,369742955&fm=26&gp=0.jpg", "m_movie_describe": "\u8be5\u7247\u8bb2\u8ff0\u5728\u9ad8\u8003\u524d\u5915\uff0c\u88ab\u4e00\u573a\u6821\u56ed\u610f\u5916\u6539\u53d8\u547d\u8fd0\u7684\u4e24\u4e2a\u5c11\u5e74\uff0c\u5982\u4f55\u5b88\u62a4\u5f7c\u6b64\u6210\u4e3a\u60f3\u6210\u4e3a\u7684\u6210\u5e74\u4eba\u7684\u6545\u4e8b \u3002", "m_actor_describe": "\u5468\u51ac\u96e8\uff0c\u6bd5\u4e1a\u4e8e\u5317\u4eac\u7535\u5f71\u5b66\u96622011\u7ea7\u672c\u79d1\u73ed\uff0c\u4e2d\u56fd\u5185\u5730\u5f71\u89c6\u5973\u6f14\u5458\u3002\u6613\u70ca\u5343\u73ba\uff0c\u4e2d\u56fd\u5185\u5730\u7537\u6b4c\u624b\u3001\u821e\u8005\u3001\u6f14\u5458\uff0cTFBOYS\u6210\u5458 \uff0c\u5c31\u8bfb\u4e8e\u4e2d\u592e\u620f\u5267\u5b66\u9662 \u3002", "m_tag": "\u6821\u56ed", "m_score": "8.3", "m_director": "\u66fe\u56fd\u7965", "m_manager": "\u8bb8\u6708\u73cd", "m_actor": "\u5468\u51ac\u96e8\uff0c\u6613\u70ca\u5343\u73ba"}}, {"model": "Web.movie", "pk": 5, "fields": {"m_movie_name": "\u5feb\u628a\u6211\u54e5\u5e26\u8d70", "m_type": "\u7535\u5f71", "m_image": "https://ss1.bdstatic.com/70cFuXSh_Q1YnxGkpoWK1HF6hhy/it/u=3415705950,3708310281&fm=26&gp=0.jpg", "m_movie_describe": "\u8be5\u7247\u6539\u7f16\u81ea\u6f2b\u753b\u5bb6\u5e7d\u00b7\u7075\u59d0\u59b9\u7684\u540c\u540d\u6f2b\u753b\uff0c\u8bb2\u8ff0\u4e86\u4e00\u5bf9\u65e5\u5e38\u4e92\u603c\u7684\u5144\u59b9\u65f6\u5206\u548c\u65f6\u79d2\u7684\u6545\u4e8b\u3002\u8be5\u7247\u4e8e2018\u5e748\u670817\u65e5\u5728\u4e2d\u56fd\u5185\u5730\u4e0a\u6620\u3002", "m_actor_describe": "\u5f20\u5b50\u67ab\uff0c\u4e2d\u56fd\u5185\u5730\u5973\u6f14\u5458\u3002\u5f6d\u6631\u7545\uff0c\u6bd5\u4e1a\u4e8e\u4e0a\u6d77\u620f\u5267\u5b66\u9662\u6728\u5076\u8868\u6f14\u7cfb\uff0c\u4e2d\u56fd\u5185\u5730\u7537\u6f14\u5458\u3002", "m_tag": "\u6821\u56ed", "m_score": "6.9", "m_director": "\u90d1\u82ac\u82ac", "m_manager": "\u90d1\u82ac\u82ac", "m_actor": "\u5f20\u5b50\u67ab\uff0c\u5f6d\u6631\u7545"}}, {"model": "Web.movie", "pk": 6, "fields": {"m_movie_name": "\u7231\u4f60\uff0c\u897f\u8499", "m_type": "\u7535\u5f71", "m_image": "https://ss0.bdstatic.com/70cFuHSh_Q1YnxGkpoWK1HF6hhy/it/u=2145801847,3884173993&fm=26&gp=0.jpg", "m_movie_describe": "\u8be5\u7247\u6539\u7f16\u81ea\u8d1d\u742a\u00b7\u827e\u4f2f\u5854\u5229\u7684\u5c0f\u8bf4\u300a\u897f\u8499\u548c\u4ed6\u7684\u51fa\u67dc\u65e5\u8bb0\u300b\uff0c\u8bb2\u8ff017\u5c81\u7684\u5c11\u5e74\u897f\u8499\u4e3a\u4fdd\u62a4\u81ea\u5df1\u7684\u9690\u79c1\uff0c\u88ab\u8feb\u5e2e\u6b7b\u654c\u8ffd\u6c42\u81ea\u5df1\u95fa\u5bc6\uff0c\u610f\u5916\u8e0f\u4e0a\u4e00\u573a\u5999\u8da3\u6a2a\u751f\u7684\u51fa\u67dc\u4e4b\u65c5\u7684\u6545\u4e8b\u3002", "m_actor_describe": "\u5c3c\u514b\u00b7\u7f57\u5bbe\u68ee\uff0c1995\u5e743\u670822\u65e5\u51fa\u751f\u4e8e\u7f8e\u56fd\u534e\u76db\u987f\u5dde\u897f\u96c5\u56fe\uff0c\u7f8e\u56fd\u6f14\u5458\uff0c\u6bd5\u4e1a\u4e8e\u574e\u8d1d\u5c14\u970d\u5c14\u5b66\u6821\u3002", "m_tag": "\u6821\u56ed", "m_score": "8.3", "m_director": "\u683c\u91cc\u683c\u00b7\u4f2f\u5170\u8482", "m_manager": "\u9a6c\u8482\u00b7\u535a\u6587", "m_actor": "\u5c3c\u514b\u00b7\u7f57\u5bbe\u68ee"}}, {"model": "Web.movie", "pk": 7, "fields": {"m_movie_name": "\u82b3\u534e", "m_type": "\u7535\u5f71", "m_image": "https://ss3.bdstatic.com/70cFv8Sh_Q1YnxGkpoWK1HF6hhy/it/u=1663872198,1617136389&fm=26&gp=0.jpg", "m_movie_describe": "\u4ee51970\u81f31980\u5e74\u4ee3\u4e3a\u80cc\u666f\uff0c\u8bb2\u8ff0\u4e86\u5728\u5145\u6ee1\u7406\u60f3\u548c\u6fc0\u60c5\u7684\u519b\u961f\u6587\u5de5\u56e2\uff0c\u4e00\u7fa4\u6b63\u503c\u82b3\u534e\u7684\u9752\u6625\u5c11\u5e74\uff0c\u7ecf\u5386\u7740\u6210\u957f\u4e2d\u7684\u7231\u60c5\u840c\u53d1\u4e0e\u5145\u65a5\u7740\u53d8\u6570\u7684\u4eba\u751f\u547d\u8fd0\u6545\u4e8b \u3002", "m_actor_describe": "\u9ec4\u8f69\uff0c\u534e\u8bed\u5f71\u89c6\u7537\u6f14\u5458\uff0c\u6bd5\u4e1a\u4e8e\u5317\u4eac\u821e\u8e48\u5b66\u9662\u97f3\u4e50\u5267\u7cfb\u3002\u82d7\u82d7\uff0c\u4e2d\u56fd\u5185\u5730\u5973\u6f14\u5458\uff0c\u6bd5\u4e1a\u4e8e\u5317\u4eac\u821e\u8e48\u5b66\u9662 \u3002", "m_tag": "\u6218\u4e89", "m_score": "2.0", "m_director": "\u51af\u5c0f\u521a", "m_manager": "\u80e1\u6653\u5cf0", "m_actor": "\u9ec4\u8f69\uff0c\u82d7\u82d7"}}, {"model": "Web.movie", "pk": 8, "fields": {"m_movie_name": "\u6566\u523b\u5c14\u514b", "m_type": "\u7535\u5f71", "m_image": "https://ss2.bdstatic.com/70cFvnSh_Q1YnxGkpoWK1HF6hhy/it/u=1327136127,669252917&fm=26&gp=0.jpg", "m_movie_describe": "\u8be5\u7247\u6539\u7f16\u81ea\u4e8c\u6218\u5386\u53f2\u4e8b\u4ef6\u201c\u6566\u523b\u5c14\u514b\u5927\u64a4\u9000\u201d\uff0c\u5f53\u65f640\u4e07\u82f1\u6cd5\u8054\u519b\u88ab\u654c\u519b\u5305\u56f4\u5728\u6566\u523b\u5c14\u514b\u7684\u6d77\u6ee9\u4e0a\uff0c\u9762\u5bf9\u654c\u519b\u6b65\u6b65\u903c\u8fd1\u7684\u7edd\u5883\uff0c\u4ed6\u4eec\u4e0d\u5f97\u4e0d\u4e3a\u81ea\u5df1\u7684\u547d\u8fd0\u80cc\u6c34\u4e00\u6218\u3002", "m_actor_describe": "\u83f2\u6069\u00b7\u6000\u7279\u6d77\u5fb7\uff0c1997\u5e747\u670818\u65e5\u51fa\u751f\u4e8e\u82f1\u56fd\u4f26\u6566\uff0c\u6f14\u5458\u3002", "m_tag": "\u6218\u4e89", "m_score": "8.4", "m_director": "\u514b\u91cc\u65af\u6258\u5f17\u00b7\u8bfa\u5170", "m_manager": "\u6770\u514b\u00b7\u8fc8\u8036\u65af\u3001\u6258\u9a6c\u65af\u00b7\u8bfa\u5170\u3001\u514b\u91cc\u65af\u6258\u5f17\u00b7\u8bfa\u5170", "m_actor": "\u83f2\u6069\u00b7\u6000\u7279\u6d77\u5fb7"}}, {"model": "Web.movie", "pk": 9, "fields": {"m_movie_name": "\u6bd4\u5229\u00b7\u6797\u6069\u7684\u4e2d\u573a\u6218\u4e8b", "m_type": "\u7535\u5f71", "m_image": "https://ss0.bdstatic.com/70cFvHSh_Q1YnxGkpoWK1HF6hhy/it/u=539245643,695607727&fm=26&gp=0.jpg", "m_movie_describe": "\u300a\u6bd4\u5229\u00b7\u6797\u6069\u7684\u4e2d\u573a\u6218\u4e8b\u300b\u6839\u636e\u672c\u00b7\u82b3\u6c40\u540c\u540d\u5c0f\u8bf4\u6539\u7f16\uff0c\u8bb2\u8ff0\u4e86\u5728\u4f0a\u62c9\u514b\u6218\u4e89\u4e2d\u7684\u7f8e\u56fd\u58eb\u5175\u6bd4\u5229\u00b7\u6797\u6069\u4e0e\u6218\u53cb\u6218\u80dc\u5f52\u6765\u5e76\u88ab\u8a89\u4e3a\u7f8e\u56fd\u82f1\u96c4\uff0c\u5728\u4e00\u573a\u6a44\u6984\u7403\u516c\u5f00\u8d5b\u7684\u4e2d\u573a\u8868\u6f14\u8fc7\u7a0b\u4e2d\uff0c\u63ed\u9732\u8fd9\u7fa4\u58eb\u5175\u5728\u6218\u573a\u4e0a\u771f\u5b9e\u7ecf\u5386\u7684\u6545\u4e8b \u3002", "m_actor_describe": "\u4e54\u00b7\u963f\u5c14\u6587\uff08Joe Alwyn\uff09\uff0c1991\u5e742\u670821\u65e5\u51fa\u751f\u4e8e\u82f1\u56fd\u4f26\u6566\uff0c\u82f1\u56fd\u6f14\u5458\uff0c\u5148\u540e\u6bd5\u4e1a\u4e8e\u5e03\u91cc\u65af\u6258\u5927\u5b66\u3001\u4e2d\u592e\u6f14\u8bb2\u548c\u620f\u5267\u5b66\u9662\u3002", "m_tag": "\u6218\u4e89", "m_score": "8.4", "m_director": "\u674e\u5b89", "m_manager": "\u9a6c\u514b\u00b7\u666e\u83b1\u7279", "m_actor": "\u4e54\u00b7\u963f\u5c14\u6587"}}, {"model": "Web.movie", "pk": 10, "fields": {"m_movie_name": "\u52a0\u6cb9\u5427\u5a01\u57fa\u57fa", "m_type": "\u7535\u89c6\u5267", "m_image": "https://ss1.bdstatic.com/70cFuXSh_Q1YnxGkpoWK1HF6hhy/it/u=1688569372,2485911427&fm=26&gp=0.jpg", "m_movie_describe": "\u8be5\u5267\u4e3b\u8981\u8bb2\u8ff0\u4e86\u68a6\u60f3\u6210\u4e3a\u7535\u5f71\u5bfc\u6f14\u7684\u5012\u9709\u9b3c\u4e1c\u4e45\u3001\u673a\u667a\u6ee1\u5206\u7684\u751f\u8ba1\u578b\u6f14\u5458\u4fca\u57fa\uff0c\u4ee5\u53ca\u534a\u4e2a\u65e0\u4e1a\u6e38\u6c11\u7684\u81ea\u7531\u7f16\u5267\u6597\u690d\uff0c\u4e09\u4e2a\u5e74\u8f7b\u4eba\u5728\u9762\u4e34\u4eba\u751f\u5371\u673a\u4e4b\u9645\uff0c\u5728\u6c11\u5bbf\u5a01\u57fa\u57fa\u4e2d\u6240\u53d1\u751f\u7684\u6545\u4e8b\u3002", "m_actor_describe": "\u91d1\u6b63\u8d24\uff0c1990\u5e744\u67085\u65e5\u51fa\u751f\u4e8e\u97e9\u56fd\u91dc\u5c71\uff0c\u97e9\u56fd\u7537\u6f14\u5458\u3002\u674e\u4f0a\u5e9a\uff0c1989\u5e741\u67088\u65e5\u51fa\u751f\u4e8e\u5fe0\u6e05\u5317\u9053\u6e05\u5dde\u5e02\uff0c\u97e9\u56fd\u7537\u6f14\u5458\u3002", "m_tag": "\u90fd\u5e02", "m_score": "8.6", "m_director": "\u674e\u660c\u6c11", "m_manager": "\u91d1\u57fa\u6d69", "m_actor": "\u91d1\u6b63\u8d24\uff0c\u674e\u4f0a\u5e9a"}}, {"model": "Web.movie", "pk": 11, "fields": {"m_movie_name": "\u4f20\u95fb\u4e2d\u7684\u9648\u828a\u828a", "m_type": "\u7535\u89c6\u5267", "m_image": "https://ss1.bdstatic.com/70cFuXSh_Q1YnxGkpoWK1HF6hhy/it/u=4134287587,1301797712&fm=11&gp=0.jpg", "m_movie_describe": "\u8be5\u5267\u8bb2\u8ff0\u4e86\u82b1\u57a3\u57ce\u9648\u828a\u828a\u548c\u7384\u864e\u57ce\u97e9\u70c1\uff0c\u4ece\u9488\u950b\u76f8\u5bf9\u5230\u643a\u624b\u5316\u89e3\u4e24\u57ce\u6027\u522b\u89c2\u5ff5\u51b2\u7a81\uff0c\u6700\u7ec8\u9886\u609f\u7231\u60c5\u771f\u8c1b\u7684\u8f7b\u677e\u6b22\u5feb\u6d6a\u6f2b\u6545\u4e8b\u3002", "m_actor_describe": "\u8d75\u9732\u601d\uff0c1998\u5e7411\u67089\u65e5\u51fa\u751f\u4e8e\u56db\u5ddd\u6210\u90fd\uff0c\u4e2d\u56fd\u5185\u5730\u5973\u6f14\u5458\u3002\u4e01\u79b9\u516e\uff0c1995\u5e7407\u670820\u65e5\u51fa\u751f\u4e8e\u4e0a\u6d77\u5e02\uff0c\u4e2d\u56fd\u5185\u5730\u7537\u6f14\u5458\u3002", "m_tag": "\u641e\u7b11", "m_score": "7.6", "m_director": "\u67e5\u4f20\u8c0a", "m_manager": "\u9f50\u5e05\u3001\u94b1\u745e\u3001\u5b59\u9759\u3001\u6210\u4e3d", "m_actor": "\u8d75\u9732\u601d\uff0c\u4e01\u79b9\u516e"}}, {"model": "Web.movie", "pk": 12, "fields": {"m_movie_name": "\u5ef6\u79a7\u653b\u7565", "m_type": "\u7535\u89c6\u5267", "m_image": "https://ss2.bdstatic.com/70cFvnSh_Q1YnxGkpoWK1HF6hhy/it/u=2724200173,834169495&fm=26&gp=0.jpg", "m_movie_describe": "\u8be5\u5267\u8bb2\u8ff0\u4e86\u5bab\u5973\u748e\u73de\u51ed\u52c7\u5f80\u76f4\u524d\u7684\u52c7\u6c14\u3001\u673a\u654f\u7075\u6d3b\u7684\u5934\u8111\u3001\u5bbd\u5e7f\u535a\u5927\u7684\u80f8\u6000\uff0c\u5316\u89e3\u5bab\u5ef7\u4e0a\u4e0b\u7684\u91cd\u91cd\u56f0\u96be\uff0c\u6700\u7ec8\u6210\u4e3a\u8944\u52a9\u4e7e\u9686\u76db\u4e16\u7684\u5b5d\u4eea\u7eaf\u7687\u540e\u7684\u6545\u4e8b\u3002", "m_actor_describe": "\u5434\u8c28\u8a00\uff0c1990\u5e748\u670816\u65e5\u51fa\u751f\u4e8e\u56db\u5ddd\u7701\u6210\u90fd\u5e02\u90fd\u6c5f\u5830\u5e02\uff0c\u6bd5\u4e1a\u4e8e\u5317\u4eac\u7535\u5f71\u5b66\u9662\uff0c\u4e2d\u56fd\u5185\u5730\u5f71\u89c6\u5973\u6f14\u5458\u3002\u79e6\u5c9a\uff0c\u6bd5\u4e1a\u4e8e\u6c88\u9633\u5de5\u4e1a\u5927\u5b66\u4f1a\u8ba1\u5b66\u7cfb\uff0c\u4e2d\u56fd\u5185\u5730\u5973\u6f14\u5458\u3001\u6b4c\u624b\u3002", "m_tag": "\u5bab\u5ef7", "m_score": "7.2", "m_director": "\u60e0\u6977\u680b\u3001\u6e29\u5fb7\u5149", "m_manager": "\u4e8e\u6b63", "m_actor": "\u5434\u8c28\u8a00\uff0c\u79e6\u5c9a"}}, {"model": "Web.movie", "pk": 13, "fields": {"m_movie_name": "\u6e05\u5e73\u4e50", "m_type": "\u7535\u89c6\u5267", "m_image": "https://ss1.bdstatic.com/70cFvXSh_Q1YnxGkpoWK1HF6hhy/it/u=1662761141,345540356&fm=11&gp=0.jpg", "m_movie_describe": "\u8be5\u5267\u6539\u7f16\u81ea\u7c73\u5170lady\u7684\u5c0f\u8bf4\u300a\u5b64\u57ce\u95ed\u300b\uff0c\u4ee5\u5317\u5b8b\u4e3a\u80cc\u666f\uff0c\u5728\u98ce\u8d77\u4e91\u6d8c\u7684\u671d\u5802\u4e4b\u4e8b\u4e0e\u526a\u4e0d\u65ad\u7406\u8fd8\u4e71\u7684\u513f\u5973\u60c5\u957f\u4e4b\u95f4\uff0c\u8fd8\u539f\u4e86\u4e00\u4e2a\u590d\u6742\u800c\u771f\u5b9e\u7684\u5b8b\u4ec1\u5b97\u3002", "m_actor_describe": "\u738b\u51ef\uff0c\u4e2d\u56fd\u5185\u5730\u5f71\u89c6\u7537\u6f14\u5458\u3001\u6b4c\u624b\uff0c\u6bd5\u4e1a\u4e8e\u4e2d\u592e\u620f\u5267\u5b66\u96622003\u7ea7\u8868\u6f14\u672c\u79d1\u73ed\u3002\u6c5f\u758f\u5f71\uff0c\u4e2d\u56fd\u5185\u5730\u5973\u6f14\u5458\uff0c\u6bd5\u4e1a\u4e8e\u4e0a\u6d77\u620f\u5267\u5b66\u9662\uff0c\u5e76\u53d6\u5f97\u82f1\u56fd\u4e1c\u82f1\u683c\u5229\u4e9a\u5927\u5b66\u4f20\u5a92\u7ecf\u6d4e\u5b66\u7855\u58eb\u5b66\u4f4d\u3002", "m_tag": "\u5bab\u5ef7", "m_score": "7.6", "m_director": "\u5f20\u5f00\u5b99", "m_manager": "\u4faf\u9e3f\u4eae", "m_actor": "\u738b\u51ef\uff0c\u6c5f\u758f\u5f71"}}, {"model": "Web.movie", "pk": 14, "fields": {"m_movie_name": "\u9e64\u5533\u534e\u4ead", "m_type": "\u7535\u89c6\u5267", "m_image": "https://ss1.bdstatic.com/70cFuXSh_Q1YnxGkpoWK1HF6hhy/it/u=1457155574,450195687&fm=26&gp=0.jpg", "m_movie_describe": "\u8be5\u5267\u6539\u7f16\u81ea\u96ea\u6ee1\u6881\u56ed\u7684\u540c\u540d\u5c0f\u8bf4\uff0c\u8bb2\u8ff0\u4e86\u50a8\u541b\u8427\u5b9a\u6743\u4e3a\u56fd\u5929\u4e0b\u5b64\u8eab\u72af\u9669\uff0c\u6536\u4ed8\u5175\u6743\u4ea4\u4e8e\u56fd\u5bb6\u81ea\u5df1\u80cc\u8d1f\u5343\u79cb\u9a82\u540d\u800c\u6b7b\u7684\u6545\u4e8b\u3002", "m_actor_describe": "\u7f57\u664b\uff0c\u4e2d\u56fd\u5185\u5730\u5f71\u89c6\u7537\u6f14\u5458\uff0c\u6bd5\u4e1a\u4e8e\u5317\u4eac\u7535\u5f71\u5b66\u9662\u8868\u6f14\u7cfb2002\u7ea7\u672c\u79d1\u3002\u674e\u4e00\u6850\uff0c\u4e2d\u56fd\u5185\u5730\u5973\u6f14\u5458\uff0c\u6bd5\u4e1a\u4e8e\u5317\u4eac\u821e\u8e48\u5b66\u9662\u3002", "m_tag": "\u5bab\u5ef7", "m_score": "7.1", "m_director": "\u6768\u6587\u519b", "m_manager": "\u6768\u6587\u519b", "m_actor": "\u7f57\u664b\uff0c\u674e\u4e00\u6850"}}, {"model": "Web.movie", "pk": 15, "fields": {"m_movie_name": "\u7ee7\u627f\u8005\u4eec", "m_type": "\u7535\u89c6\u5267", "m_image": "https://ss1.bdstatic.com/70cFvXSh_Q1YnxGkpoWK1HF6hhy/it/u=3946122013,2823668890&fm=26&gp=0.jpg", "m_movie_describe": "\u8be5\u5267\u8bb2\u8ff0\u4e86\u97e9\u56fd\u4e0a\u6d41\u793e\u4f1a1%\u7684\u7ee7\u627f\u8005\u4e0e\u6781\u5176\u5e73\u51e1\u73b0\u5b9e\u7684\u8d2b\u7a77\u5973\u5c55\u5f00\u7684\u751c\u871c\u4e14\u8ba9\u4eba\u5fc3\u52a8\u5374\u53c8\u5145\u6ee1\u51b2\u7a81\u7684\u7f57\u66fc\u53f2\u3002", "m_actor_describe": "\u674e\u654f\u9550\uff0c1987\u5e746\u670822\u65e5\u51fa\u751f\u4e8e\u9996\u5c14\uff0c\u97e9\u56fd\u7537\u6f14\u5458\u3002\u6734\u4fe1\u60e0\uff0c1990\u5e742\u670818\u65e5\u51fa\u751f\u4e8e\u97e9\u56fd\u5149\u5dde\uff0c\u97e9\u56fd\u5973\u6f14\u5458\u3001\u4e3b\u6301\u4eba\u3002", "m_tag": "\u90fd\u5e02", "m_score": "6.9", "m_director": "\u59dc\u4fe1\u5b5d", "m_manager": "\u5c39\u590f\u6797", "m_actor": "\u674e\u654f\u9550\uff0c\u6734\u4fe1\u60e0"}}, {"model": "Web.movie", "pk": 16, "fields": {"m_movie_name": "\u91d1\u79d8\u4e66\u4e3a\u4f55\u90a3\u6837", "m_type": "\u7535\u89c6\u5267", "m_image": "https://ss1.bdstatic.com/70cFvXSh_Q1YnxGkpoWK1HF6hhy/it/u=2609544528,680008927&fm=26&gp=0.jpg", "m_movie_describe": "\u8be5\u5267\u8be5\u5267\u6539\u7f16\u81ea\u97e9\u56fd2013\u5e74\u51fa\u7248\u7684\u540c\u540d\u7f51\u7edc\u6f2b\u753b\uff0c\u8bb2\u8ff0\u4e86\u5927\u96c6\u56e2\u5404\u65b9\u9762\u6761\u4ef6\u90fd\u9876\u5c16\u4f18\u8d8a\u7684\u526f\u4f1a\u957f\u674e\u82f1\u4fca\u548c\u4ed6\u7684\u4e5d\u5e74\u968f\u884c\u79d8\u4e66\u91d1\u7f8e\u7b11\u4e4b\u95f4\u7684\u6d6a\u6f2b\u7231\u60c5\u6545\u4e8b\u3002", "m_actor_describe": "\u6734\u53d9\u4fca \uff0c1988\u5e7412\u670816\u65e5\u51fa\u751f\u4e8e\u97e9\u56fd\u9996\u5c14\uff0c\u97e9\u56fd\u7537\u6f14\u5458\u3001\u4e3b\u6301\u4eba\u3002\u6734\u654f\u82f1\uff0c1986\u5e743\u67084\u65e5\u51fa\u751f\u4e8e\u9996\u5c14\u7279\u522b\u5e02\uff0c\u97e9\u56fd\u5973\u6f14\u5458\u3002", "m_tag": "\u90fd\u5e02", "m_score": "8.0", "m_director": "\u6734\u4fca\u548c", "m_manager": "\u90d1\u6069\u82f1\u3001\u5d14\u5b9d\u7433\u3001\u767d\u5584\u5b87", "m_actor": "\u6734\u53d9\u4fca\uff0c\u6734\u654f\u82f1"}}, {"model": "Web.movie", "pk": 17, "fields": {"m_movie_name": "\u6b22\u4e50\u9882", "m_type": "\u7535\u89c6\u5267", "m_image": "https://ss0.bdstatic.com/70cFvHSh_Q1YnxGkpoWK1HF6hhy/it/u=370728582,2331022980&fm=26&gp=0.jpg", "m_movie_describe": "\u8be5\u5267\u6539\u7f16\u81ea\u963f\u8010\u7684\u540c\u540d\u5c0f\u8bf4\uff0c\u8bb2\u8ff0\u4e86\u540c\u4f4f\u5728\u6b22\u4e50\u9882\u5c0f\u533a22\u697c\u7684\u4e94\u4e2a\u6765\u81ea\u4e0d\u540c\u5bb6\u5ead\u3001\u6027\u683c\u8fe5\u5f02\u7684\u5973\u5b69\u4eec\uff0c\u4ece\u964c\u751f\u5230\u719f\u6089\u518d\u5230\u4e92\u76f8\u4f53\u8c05\u3001\u4e92\u76f8\u5e2e\u52a9\u3001\u5171\u540c\u6210\u957f\u7684\u6545\u4e8b\u3002", "m_actor_describe": "\u5218\u6d9b\uff0c1978\u5e747\u670812\u65e5\u51fa\u751f\u4e8e\u6c5f\u897f\u5357\u660c\uff0c\u4e2d\u56fd\u5185\u5730\u5f71\u89c6\u5973\u6f14\u5458\u3001\u6b4c\u624b\u3002", "m_tag": "\u90fd\u5e02", "m_score": "7.4", "m_director": "\u5b54\u7b19\uff0c\u7b80\u5ddd\u8a38", "m_manager": "\u4faf\u9e3f\u4eae", "m_actor": "\u5218\u6d9b"}}, {"model": "Web.movie", "pk": 18, "fields": {"m_movie_name": "\u9f99\u5cad\u8ff7\u7a9f", "m_type": "\u7535\u89c6\u5267", "m_image": "https://ss3.bdstatic.com/70cFv8Sh_Q1YnxGkpoWK1HF6hhy/it/u=2258472615,3777547300&fm=11&gp=0.jpg", "m_movie_describe": "\u8be5\u5267\u4e3b\u8981\u8bb2\u8ff0\u7684\u662f\u80e1\u516b\u4e00\u3001Shirley\u6768\u3001\u738b\u80d6\u5b50\u7ec4\u6210\u7684\u201c\u94c1\u4e09\u89d2\u201d\u63a2\u9669\u5c0f\u961f\u5171\u8d74\u9f99\u5cad\u8ff7\u7a9f\u5bfb\u627e\u96ee\u5c18\u73e0\u7684\u6545\u4e8b\u3002", "m_actor_describe": "\u6f58\u7ca4\u660e\uff0c\u4e2d\u56fd\u5185\u5730\u7537\u6f14\u5458\uff0c\u6bd5\u4e1a\u4e8e\u5317\u4eac\u5e08\u8303\u5927\u5b66\u827a\u672f\u7cfb\u5f71\u89c6\u5236\u4f5c\u4e13\u4e1a\u3002\u5f20\u96e8\u7eee\uff0c\u4e2d\u56fd\u5185\u5730\u5973\u6f14\u5458\uff0c\u6bd5\u4e1a\u4e8e\u4e0a\u6d77\u620f\u5267\u5b66\u9662\u9644\u5c5e\u620f\u66f2\u5b66\u68212004\u7ea7\u3002", "m_tag": "\u5192\u9669", "m_score": "8.2", "m_director": "\u8d39\u632f\u7fd4", "m_manager": "\u6768\u54f2", "m_actor": "\u6f58\u7ca4\u660e\uff0c\u5f20\u96e8\u7eee"}}, {"model": "Web.movie_comment", "pk": 4, "fields": {"title": "eqweqweqwewqdasddadf", "time": "2020-05-30T17:52:00.619", "movie": 3, "user": 7, "agree_num": 0, "disagree_num": 0, "is_report": false, "content": "21313123213123213\u8428\u8fbe\u8428\u8fbe\u662f\u6253\u8d4f\u7684\u963f\u65af\u987f\u554a", "user_like": [], "user_unlike": []}}, {"model": "Web.movie_score", "pk": 1, "fields": {"movie": 7, "user": 7, "score": "2.0"}}]